PId,Pname,PCategory,QtySold,Price,Amount,Country
JA-1,Perfume2,Perfumes,4.0,670.152,2680.608,Japan
JA-2,Perfume1,Perfumes,3.0,1093.6240000000003,3280.8720000000008,Japan
JA-3,Jeans1,Jeans,1.0,543.7152,543.7152,Japan
JA-4,Jeans5,Jeans,3.0,629.5520000000001,1888.6560000000004,Japan
JA-5,Phone5,Smart Phone,2.0,765.0608000000001,1530.1216000000002,Japan
JA-6,Perfume5,Perfumes,9.0,601.3840000000001,5412.456000000001,Japan
JA-8,Phone4,Smart Phone,2.0,774.0768,1548.1536,Japan
JA-9,Tshirt1,Tshirts,3.0,501.228,1503.684,Japan
JA-10,Bottle5,Water bottles,6.0,703.7912,4222.7472,Japan
JA-11,Shoes4,Shoes,7.0,522.7488000000001,3659.2416000000003,Japan
JA-12,Bottle6,Water bottles,9.0,922.2472,8300.2248,Japan
JA-13,Phone2,Smart Phone,8.0,715.2488000000001,5721.990400000001,Japan
JA-14,Shoes4,Shoes,5.0,699.5520000000001,3497.7600000000007,Japan
JA-15,Phone1,Smart Phone,2.0,518.9296,1037.8592,Japan
JA-16,Bottle3,Water bottles,9.0,497.5656,4478.0904,Japan
JA-17,Perfume3,Perfumes,7.0,686.2464000000001,4803.724800000001,Japan
JA-18,Phone6,Smart Phone,5.0,844.8552000000001,4224.276000000001,Japan
JA-19,Perfume5,Perfumes,8.0,603.12,4824.96,Japan
JA-20,Perfume3,Perfumes,5.0,827.9488000000001,4139.744000000001,Japan
JA-21,Perfume5,Perfumes,9.0,475.88800000000003,4282.992,Japan
JA-24,Phone1,Smart Phone,1.0,517.9832,517.9832,Japan
JA-25,Phone4,Smart Phone,3.0,696.8248,2090.4744,Japan
JA-26,Perfume5,Perfumes,1.0,558.9976,558.9976,Japan
JA-27,Tshirt6,Tshirts,8.0,884.3968000000001,7075.174400000001,Japan
JA-28,Phone4,Smart Phone,9.0,532.1568000000001,4789.4112000000005,Japan
JA-29,Shoes6,Shoes,8.0,797.6304,6381.0432,Japan
JA-30,Jeans4,Jeans,1.0,463.9544,463.9544,Japan
JA-32,Bottle4,Water bottles,7.0,801.2704,5608.8928,Japan
JA-33,Perfume6,Perfumes,2.0,714.1848,1428.3696,Japan
JA-34,Phone1,Smart Phone,2.0,1013.0288000000002,2026.0576000000003,Japan
JA-35,Perfume4,Perfumes,7.0,645.0640000000001,4515.448,Japan
JA-36,Shoes2,Shoes,10.0,754.6896000000002,7546.896000000002,Japan
JA-37,Shoes1,Shoes,2.0,615.3784000000002,1230.7568000000003,Japan
JA-38,Perfume1,Perfumes,5.0,938.2856,4691.428,Japan
JA-39,Jeans1,Jeans,2.0,799.9936,1599.9872,Japan
JA-40,Shoes3,Shoes,3.0,610.8480000000001,1832.5440000000003,Japan
JA-41,Jeans2,Jeans,2.0,572.8520000000001,1145.7040000000002,Japan
JA-42,Phone4,Smart Phone,10.0,747.488,7474.880000000001,Japan
JA-43,Perfume6,Perfumes,10.0,666.7192,6667.192,Japan
JA-44,Shoes2,Shoes,8.0,743.1928000000001,5945.542400000001,Japan
JA-45,Shoes5,Shoes,9.0,506.68800000000005,4560.192,Japan
JA-46,Tshirt1,Tshirts,5.0,508.32320000000004,2541.616,Japan
JA-47,Tshirt5,Tshirts,7.0,756.3696000000001,5294.587200000001,Japan
JA-48,Bottle1,Water bottles,10.0,877.9064000000001,8779.064,Japan
JA-49,Phone5,Smart Phone,1.0,748.5352000000001,748.5352000000001,Japan
JA-50,Shoes6,Shoes,3.0,484.1704000000001,1452.5112000000004,Japan
JA-51,Phone5,Smart Phone,3.0,692.8656000000001,2078.5968000000003,Japan
JA-52,Phone4,Smart Phone,10.0,492.67120000000006,4926.712,Japan
JA-53,Shoes1,Shoes,9.0,894.9640000000002,8054.676000000001,Japan
JA-54,Bottle6,Water bottles,10.0,1020.2080000000001,10202.080000000002,Japan
JA-55,Perfume6,Perfumes,6.0,658.3752000000001,3950.2512000000006,Japan
JA-56,Bottle4,Water bottles,2.0,657.9608000000001,1315.9216000000001,Japan
JA-57,Shoes2,Shoes,9.0,519.0752,4671.6768,Japan
JA-59,Shoes4,Shoes,3.0,558.5888000000001,1675.7664000000004,Japan
JA-60,Tshirt5,Tshirts,9.0,483.26880000000006,4349.4192,Japan
JA-61,Perfume2,Perfumes,3.0,563.2760000000001,1689.8280000000002,Japan
JA-62,Perfume2,Perfumes,1.0,723.0440000000001,723.0440000000001,Japan
JA-63,Jeans4,Jeans,8.0,609.392,4875.136,Japan
JA-64,Phone2,Smart Phone,10.0,1091.6416000000002,10916.416000000001,Japan
JA-65,Shoes4,Shoes,7.0,1079.9656,7559.7592,Japan
JA-66,Perfume2,Perfumes,1.0,871.0576000000001,871.0576000000001,Japan
JA-67,Perfume1,Perfumes,9.0,1006.0008000000001,9054.007200000002,Japan
JA-68,Jeans3,Jeans,9.0,553.7,4983.3,Japan
JA-69,Jeans4,Jeans,1.0,725.6424000000001,725.6424000000001,Japan
JA-71,Tshirt6,Tshirts,3.0,547.4392,1642.3176,Japan
JA-73,Tshirt1,Tshirts,3.0,811.6864000000002,2435.0592000000006,Japan
JA-74,Perfume4,Perfumes,5.0,611.7328000000001,3058.6640000000007,Japan
JA-75,Jeans4,Jeans,10.0,752.7688,7527.688,Japan
JA-76,Phone5,Smart Phone,9.0,828.5536000000001,7456.982400000001,Japan
JA-78,Jeans6,Jeans,9.0,1085.3528000000001,9768.175200000001,Japan
JA-79,Perfume5,Perfumes,9.0,815.1304,7336.1736,Japan
JA-81,Tshirt3,Tshirts,2.0,954.8000000000001,1909.6000000000001,Japan
JA-83,Jeans6,Jeans,8.0,864.9872,6919.8976,Japan
JA-84,Tshirt6,Tshirts,8.0,482.7816,3862.2528,Japan
JA-85,Jeans1,Jeans,5.0,790.216,3951.08,Japan
JA-86,Perfume4,Perfumes,4.0,642.8800000000001,2571.5200000000004,Japan
JA-87,Tshirt6,Tshirts,2.0,972.6920000000001,1945.3840000000002,Japan
JA-88,Phone6,Smart Phone,7.0,676.8944,4738.2608,Japan
JA-89,Bottle4,Water bottles,9.0,630.4144000000001,5673.729600000001,Japan
JA-90,Phone1,Smart Phone,3.0,809.5472,2428.6416,Japan
JA-91,Tshirt3,Tshirts,5.0,745.5728000000001,3727.8640000000005,Japan
JA-92,Jeans6,Jeans,8.0,486.2368,3889.8944,Japan
JA-93,Shoes5,Shoes,5.0,869.9544000000001,4349.772000000001,Japan
JA-94,Tshirt1,Tshirts,7.0,692.4904,4847.4328000000005,Japan
JA-95,Bottle2,Water bottles,3.0,1004.3936000000001,3013.1808,Japan
JA-96,Phone1,Smart Phone,4.0,959.3080000000001,3837.2320000000004,Japan
JA-98,Shoes3,Shoes,2.0,827.8368,1655.6736,Japan
JA-100,Jeans4,Jeans,9.0,534.688,4812.192,Japan
JA-101,Bottle4,Water bottles,10.0,642.5328000000001,6425.328,Japan
JA-102,Phone2,Smart Phone,2.0,749.5096000000001,1499.0192000000002,Japan
JA-103,Phone1,Smart Phone,6.0,888.1880000000001,5329.128000000001,Japan
JA-104,Perfume5,Perfumes,5.0,1006.1184000000002,5030.592000000001,Japan
JA-105,Bottle6,Water bottles,6.0,785.9544000000001,4715.7264000000005,Japan
JA-106,Jeans2,Jeans,8.0,475.91040000000004,3807.2832000000003,Japan
JA-107,Shoes4,Shoes,9.0,542.4104000000001,4881.6936000000005,Japan
JA-108,Tshirt3,Tshirts,8.0,796.8408000000001,6374.7264000000005,Japan
JA-109,Perfume1,Perfumes,6.0,871.8024,5230.8144,Japan
JA-110,Bottle5,Water bottles,9.0,870.1672,7831.5048,Japan
JA-111,Jeans4,Jeans,1.0,993.2832000000001,993.2832000000001,Japan
JA-112,Shoes2,Shoes,4.0,681.3800000000001,2725.5200000000004,Japan
JA-113,Shoes1,Shoes,9.0,635.3872,5718.4848,Japan
JA-114,Perfume5,Perfumes,3.0,839.3280000000001,2517.9840000000004,Japan
JA-115,Jeans6,Jeans,10.0,675.976,6759.76,Japan
JA-116,Tshirt1,Tshirts,10.0,629.0928000000001,6290.928000000002,Japan
JA-117,Perfume4,Perfumes,1.0,779.0720000000001,779.0720000000001,Japan
JA-118,Shoes6,Shoes,8.0,616.3752000000001,4931.0016000000005,Japan
JA-119,Phone3,Smart Phone,1.0,560.6048000000001,560.6048000000001,Japan
JA-120,Phone2,Smart Phone,3.0,659.8928000000001,1979.6784000000002,Japan
JA-121,Bottle3,Water bottles,3.0,947.8392,2843.5176,Japan
JA-122,Tshirt3,Tshirts,2.0,630.9016,1261.8032,Japan
JA-123,Tshirt1,Tshirts,7.0,1014.3448000000001,7100.413600000001,Japan
JA-124,Jeans3,Jeans,6.0,581.0056000000001,3486.0336000000007,Japan
JA-125,Perfume4,Perfumes,5.0,778.6408000000001,3893.2040000000006,Japan
JA-126,Phone5,Smart Phone,4.0,597.2736,2389.0944,Japan
JA-128,Tshirt4,Tshirts,5.0,926.5312000000001,4632.656000000001,Japan
JA-129,Shoes1,Shoes,10.0,820.0528000000002,8200.528000000002,Japan
JA-130,Shoes1,Shoes,8.0,950.236,7601.888,Japan
JA-131,Perfume6,Perfumes,3.0,1085.6272000000001,3256.8816000000006,Japan
JA-132,Shoes5,Shoes,3.0,586.936,1760.808,Japan
JA-134,Phone5,Smart Phone,10.0,1032.9592,10329.592,Japan
JA-135,Perfume3,Perfumes,10.0,934.1192000000001,9341.192000000001,Japan
JA-136,Shoes5,Shoes,9.0,773.8024,6964.221600000001,Japan
JA-137,Phone1,Smart Phone,2.0,1088.7240000000002,2177.4480000000003,Japan
JA-138,Bottle6,Water bottles,10.0,763.9968,7639.968,Japan
JA-139,Perfume5,Perfumes,1.0,834.008,834.008,Japan
JA-140,Bottle6,Water bottles,7.0,553.98,3877.86,Japan
JA-141,Tshirt5,Tshirts,2.0,581.6216,1163.2432,Japan
JA-142,Phone2,Smart Phone,4.0,722.7304,2890.9216,Japan
JA-143,Phone6,Smart Phone,3.0,792.3384000000001,2377.0152000000003,Japan
JA-144,Bottle4,Water bottles,6.0,1073.8056000000001,6442.833600000001,Japan
JA-145,Perfume3,Perfumes,5.0,851.0600000000001,4255.3,Japan
JA-146,Jeans3,Jeans,4.0,1064.0392000000002,4256.156800000001,Japan
JA-147,Shoes6,Shoes,8.0,662.7544,5302.0352,Japan
JA-148,Bottle3,Water bottles,10.0,893.8328000000001,8938.328000000001,Japan
JA-149,Phone3,Smart Phone,3.0,645.6688,1937.0064000000002,Japan
JA-150,Bottle1,Water bottles,8.0,880.5608000000001,7044.486400000001,Japan
JA-151,Jeans2,Jeans,5.0,1058.6016,5293.008,Japan
JA-152,Jeans1,Jeans,10.0,612.7856,6127.856000000001,Japan
JA-153,Perfume2,Perfumes,1.0,523.4096000000001,523.4096000000001,Japan
JA-154,Phone1,Smart Phone,3.0,462.34720000000004,1387.0416,Japan
JA-155,Jeans4,Jeans,8.0,765.8336,6126.6688,Japan
JA-156,Shoes3,Shoes,1.0,1042.4792,1042.4792,Japan
JA-157,Perfume2,Perfumes,1.0,1045.8784,1045.8784,Japan
JA-158,Jeans1,Jeans,7.0,965.3784000000002,6757.648800000001,Japan
JA-159,Bottle3,Water bottles,1.0,650.7648,650.7648,Japan
JA-160,Shoes3,Shoes,9.0,795.9504000000001,7163.5536,Japan
JA-161,Jeans5,Jeans,4.0,978.7792000000001,3915.1168000000002,Japan
JA-162,Bottle4,Water bottles,3.0,468.07040000000006,1404.2112000000002,Japan
JA-163,Shoes5,Shoes,4.0,571.7992,2287.1968,Japan
JA-164,Phone4,Smart Phone,2.0,716.5984000000001,1433.1968000000002,Japan
JA-165,Jeans4,Jeans,4.0,463.40560000000005,1853.6224000000002,Japan
JA-166,Phone3,Smart Phone,5.0,833.3192,4166.5960000000005,Japan
JA-167,Shoes6,Shoes,4.0,498.94320000000005,1995.7728000000002,Japan
JA-168,Shoes2,Shoes,9.0,1052.2232000000001,9470.008800000001,Japan
JA-169,Shoes6,Shoes,5.0,695.2064000000001,3476.0320000000006,Japan
JA-170,Jeans4,Jeans,10.0,699.1208000000001,6991.208000000001,Japan
JA-171,Phone5,Smart Phone,4.0,948.6008000000002,3794.4032000000007,Japan
JA-172,Perfume1,Perfumes,9.0,911.2768000000001,8201.4912,Japan
JA-173,Perfume1,Perfumes,9.0,1039.2312000000002,9353.080800000002,Japan
JA-174,Perfume2,Perfumes,9.0,742.9520000000001,6686.568000000001,Japan
JA-175,Bottle5,Water bottles,9.0,745.2984000000001,6707.685600000001,Japan
JA-176,Jeans5,Jeans,10.0,496.12080000000003,4961.2080000000005,Japan
JA-178,Jeans5,Jeans,7.0,680.4168000000001,4762.917600000001,Japan
JA-179,Tshirt1,Tshirts,8.0,479.4048000000001,3835.2384000000006,Japan
JA-180,Jeans6,Jeans,7.0,699.6528000000002,4897.569600000002,Japan
JA-181,Phone4,Smart Phone,9.0,544.4768,4900.291200000001,Japan
JA-182,Tshirt2,Tshirts,7.0,798.8624000000001,5592.036800000001,Japan
JA-183,Jeans1,Jeans,5.0,756.5488,3782.744,Japan
JA-184,Phone5,Smart Phone,4.0,618.0720000000001,2472.2880000000005,Japan
JA-185,Shoes2,Shoes,2.0,479.71840000000003,959.4368000000001,Japan
JA-188,Phone2,Smart Phone,1.0,549.0688,549.0688,Japan
JA-189,Jeans6,Jeans,10.0,843.248,8432.48,Japan
JA-190,Shoes2,Shoes,3.0,1092.448,3277.344,Japan
JA-191,Phone3,Smart Phone,9.0,1068.5528000000002,9616.9752,Japan
JA-192,Jeans6,Jeans,9.0,777.5096000000001,6997.586400000001,Japan
JA-193,Bottle6,Water bottles,9.0,663.8408000000001,5974.5672,Japan
JA-194,Jeans3,Jeans,9.0,763.308,6869.772,Japan
JA-195,Shoes6,Shoes,8.0,1046.8528000000001,8374.822400000001,Japan
JA-196,Phone5,Smart Phone,7.0,615.0816,4305.5712,Japan
JA-197,Bottle1,Water bottles,6.0,518.4312,3110.5872,Japan
JA-198,Jeans1,Jeans,10.0,846.4736,8464.736,Japan
JA-199,Jeans5,Jeans,9.0,598.4720000000001,5386.2480000000005,Japan
JA-200,Shoes3,Shoes,1.0,595.1344,595.1344,Japan
HO-1,Jeans1,Jeans,7.0,747.1748,5230.2236,Hong Kong
HO-2,Perfume2,Perfumes,2.0,1143.3872999999999,2286.7745999999997,Hong Kong
HO-3,Bottle5,Water bottles,6.0,743.24,4459.4400000000005,Hong Kong
HO-4,Jeans5,Jeans,8.0,1150.8197,9206.5576,Hong Kong
HO-5,Shoes2,Shoes,2.0,891.0135999999999,1782.0271999999998,Hong Kong
HO-6,Shoes1,Shoes,5.0,1113.3298,5566.648999999999,Hong Kong
HO-7,Perfume3,Perfumes,7.0,894.1833,6259.283100000001,Hong Kong
HO-8,Shoes4,Shoes,10.0,1103.3835,11033.835,Hong Kong
HO-9,Shoes1,Shoes,4.0,973.8629999999999,3895.4519999999998,Hong Kong
HO-10,Shoes4,Shoes,9.0,874.9464999999999,7874.518499999999,Hong Kong
HO-11,Shoes2,Shoes,7.0,971.5677,6800.9739,Hong Kong
HO-12,Tshirt5,Tshirts,8.0,719.7404999999999,5757.923999999999,Hong Kong
HO-13,Perfume3,Perfumes,4.0,849.261,3397.044,Hong Kong
HO-14,Bottle2,Water bottles,4.0,660.4999,2641.9996,Hong Kong
HO-15,Perfume3,Perfumes,2.0,583.8806,1167.7612,Hong Kong
HO-16,Bottle4,Water bottles,9.0,1170.6029999999998,10535.426999999998,Hong Kong
HO-17,Shoes5,Shoes,10.0,1108.1927,11081.927,Hong Kong
HO-18,Perfume3,Perfumes,10.0,589.7828,5897.8279999999995,Hong Kong
HO-19,Phone4,Smart Phone,1.0,851.7749,851.7749,Hong Kong
HO-20,Bottle2,Water bottles,2.0,988.7277999999999,1977.4555999999998,Hong Kong
HO-22,Shoes3,Shoes,5.0,630.9889,3154.9444999999996,Hong Kong
HO-23,Shoes4,Shoes,6.0,756.1374000000001,4536.8244,Hong Kong
HO-24,Jeans4,Jeans,6.0,755.5908999999999,4533.545399999999,Hong Kong
HO-25,Phone2,Smart Phone,10.0,980.2024,9802.024,Hong Kong
HO-26,Bottle3,Water bottles,9.0,802.5899000000001,7223.3091,Hong Kong
HO-27,Jeans6,Jeans,1.0,623.6658,623.6658,Hong Kong
HO-28,Bottle5,Water bottles,6.0,1049.7172,6298.3032,Hong Kong
HO-30,Jeans3,Jeans,2.0,814.9408,1629.8816,Hong Kong
HO-31,Shoes3,Shoes,5.0,740.9447,3704.7235,Hong Kong
HO-32,Shoes6,Shoes,4.0,903.8017,3615.2068,Hong Kong
HO-33,Perfume2,Perfumes,5.0,748.5957,3742.9784999999997,Hong Kong
HO-34,Phone6,Smart Phone,2.0,766.7395,1533.479,Hong Kong
HO-35,Bottle2,Water bottles,6.0,795.2668,4771.6008,Hong Kong
HO-36,Phone1,Smart Phone,6.0,659.7348,3958.4087999999997,Hong Kong
HO-37,Shoes6,Shoes,7.0,689.9015999999999,4829.311199999999,Hong Kong
HO-38,Shoes6,Shoes,8.0,789.8018000000001,6318.414400000001,Hong Kong
HO-39,Tshirt2,Tshirts,5.0,1158.3614,5791.807,Hong Kong
HO-40,Tshirt2,Tshirts,2.0,566.9390999999999,1133.8781999999999,Hong Kong
HO-41,Phone5,Smart Phone,7.0,866.7489999999999,6067.2429999999995,Hong Kong
HO-42,Tshirt3,Tshirts,2.0,958.3424,1916.6848,Hong Kong
HO-43,Shoes2,Shoes,5.0,810.2408999999999,4051.2044999999994,Hong Kong
HO-45,Shoes4,Shoes,9.0,1154.4266,10389.8394,Hong Kong
HO-46,Jeans6,Jeans,10.0,918.3385999999999,9183.385999999999,Hong Kong
HO-47,Bottle5,Water bottles,9.0,716.7894,6451.1046,Hong Kong
HO-48,Perfume2,Perfumes,8.0,715.4777999999999,5723.822399999999,Hong Kong
HO-50,Jeans3,Jeans,9.0,505.8404,4552.5635999999995,Hong Kong
HO-52,Jeans1,Jeans,4.0,788.2716,3153.0864,Hong Kong
HO-53,Phone2,Smart Phone,7.0,1079.884,7559.188,Hong Kong
HO-54,Tshirt4,Tshirts,9.0,1035.1803,9316.6227,Hong Kong
HO-55,Bottle6,Water bottles,9.0,1066.2214999999999,9595.993499999999,Hong Kong
HO-56,Tshirt2,Tshirts,2.0,945.7728999999999,1891.5457999999999,Hong Kong
HO-57,Shoes6,Shoes,4.0,724.4404,2897.7616,Hong Kong
HO-58,Perfume1,Perfumes,2.0,697.4433,1394.8866,Hong Kong
HO-60,Jeans3,Jeans,8.0,1198.5837999999999,9588.670399999999,Hong Kong
HO-61,Tshirt3,Tshirts,3.0,539.1768999999999,1617.5306999999998,Hong Kong
HO-62,Tshirt5,Tshirts,4.0,1126.9923,4507.9692,Hong Kong
HO-63,Phone1,Smart Phone,4.0,769.3627,3077.4508,Hong Kong
HO-64,Jeans6,Jeans,4.0,822.5918,3290.3672,Hong Kong
HO-65,Perfume6,Perfumes,8.0,772.4231,6179.3848,Hong Kong
HO-66,Shoes2,Shoes,1.0,1021.2991999999999,1021.2991999999999,Hong Kong
HO-67,Tshirt3,Tshirts,5.0,639.0771,3195.3855,Hong Kong
HO-68,Bottle2,Water bottles,4.0,943.0404,3772.1616,Hong Kong
HO-70,Tshirt5,Tshirts,8.0,981.8419,7854.7352,Hong Kong
HO-71,Tshirt2,Tshirts,2.0,980.2024,1960.4048,Hong Kong
HO-72,Bottle1,Water bottles,3.0,990.9137999999999,2972.7414,Hong Kong
HO-73,Jeans4,Jeans,9.0,1052.0125,9468.112500000001,Hong Kong
HO-74,Phone6,Smart Phone,7.0,750.6724,5254.7068,Hong Kong
HO-75,Tshirt4,Tshirts,9.0,706.2966,6356.6694,Hong Kong
HO-76,Jeans5,Jeans,6.0,726.6264,4359.7584,Hong Kong
HO-77,Perfume5,Perfumes,9.0,608.4731,5476.2579000000005,Hong Kong
HO-78,Shoes5,Shoes,1.0,1043.1592,1043.1592,Hong Kong
HO-79,Bottle2,Water bottles,10.0,1099.7766,10997.766,Hong Kong
HO-80,Jeans3,Jeans,9.0,1073.326,9659.934000000001,Hong Kong
HO-81,Bottle4,Water bottles,3.0,929.1593,2787.4779,Hong Kong
HO-83,Jeans2,Jeans,4.0,574.918,2299.672,Hong Kong
HO-84,Tshirt5,Tshirts,7.0,960.5283999999999,6723.698799999999,Hong Kong
HO-85,Bottle5,Water bottles,6.0,654.4884,3926.9303999999997,Hong Kong
HO-86,Tshirt2,Tshirts,2.0,827.6196,1655.2392,Hong Kong
HO-87,Shoes5,Shoes,7.0,1075.4026999999999,7527.818899999999,Hong Kong
HO-88,Tshirt5,Tshirts,1.0,1013.9761,1013.9761,Hong Kong
HO-89,Tshirt2,Tshirts,2.0,570.8738999999999,1141.7477999999999,Hong Kong
HO-90,Phone2,Smart Phone,4.0,898.9925,3595.97,Hong Kong
HO-91,Perfume6,Perfumes,2.0,1036.3826,2072.7652,Hong Kong
HO-92,Bottle4,Water bottles,7.0,1118.0297,7826.2079,Hong Kong
HO-93,Jeans5,Jeans,6.0,960.3098,5761.8588,Hong Kong
HO-94,Perfume4,Perfumes,6.0,885.1114,5310.6684000000005,Hong Kong
HO-95,Shoes4,Shoes,7.0,1078.3537999999999,7548.476599999999,Hong Kong
HO-96,Jeans5,Jeans,7.0,1035.9454,7251.6178,Hong Kong
HO-98,Tshirt3,Tshirts,9.0,594.592,5351.3279999999995,Hong Kong
HO-100,Bottle3,Water bottles,9.0,889.4834,8005.3506,Hong Kong
HO-102,Shoes5,Shoes,5.0,1067.7517,5338.7585,Hong Kong
HO-103,Phone5,Smart Phone,2.0,1006.5437000000001,2013.0874000000001,Hong Kong
HO-104,Jeans4,Jeans,10.0,1073.6539,10736.539,Hong Kong
HO-106,Tshirt3,Tshirts,7.0,791.5506,5540.8542,Hong Kong
HO-107,Jeans6,Jeans,10.0,1150.0546,11500.545999999998,Hong Kong
HO-108,Bottle4,Water bottles,9.0,528.7934,4759.140600000001,Hong Kong
HO-109,Jeans3,Jeans,4.0,607.2708,2429.0832,Hong Kong
HO-110,Phone4,Smart Phone,10.0,853.3050999999999,8533.051,Hong Kong
HO-111,Shoes4,Shoes,6.0,557.7579,3346.5473999999995,Hong Kong
HO-112,Tshirt5,Tshirts,2.0,778.9811,1557.9622,Hong Kong
HO-113,Bottle2,Water bottles,8.0,891.5600999999999,7132.480799999999,Hong Kong
HO-114,Bottle5,Water bottles,10.0,1197.9279999999999,11979.279999999999,Hong Kong
HO-115,Jeans1,Jeans,7.0,726.4078,5084.8546,Hong Kong
HO-116,Tshirt1,Tshirts,7.0,755.7002,5289.9014,Hong Kong
HO-117,Shoes5,Shoes,5.0,618.5287000000001,3092.6435,Hong Kong
HO-118,Phone5,Smart Phone,1.0,1146.9941999999999,1146.9941999999999,Hong Kong
HO-119,Bottle3,Water bottles,2.0,578.6342,1157.2684,Hong Kong
HO-120,Perfume2,Perfumes,5.0,509.55659999999995,2547.783,Hong Kong
HO-121,Tshirt3,Tshirts,1.0,732.31,732.31,Hong Kong
HO-122,Jeans2,Jeans,5.0,884.1277,4420.6385,Hong Kong
HO-123,Jeans6,Jeans,1.0,763.5698,763.5698,Hong Kong
HO-124,Perfume1,Perfumes,1.0,698.8642,698.8642,Hong Kong
HO-125,Perfume3,Perfumes,1.0,546.6093,546.6093,Hong Kong
HO-126,Bottle6,Water bottles,2.0,513.3820999999999,1026.7641999999998,Hong Kong
HO-127,Bottle4,Water bottles,7.0,855.9283,5991.498100000001,Hong Kong
HO-128,Shoes4,Shoes,9.0,561.5834,5054.250599999999,Hong Kong
HO-129,Phone5,Smart Phone,1.0,527.8097,527.8097,Hong Kong
HO-130,Shoes3,Shoes,3.0,512.8356,1538.5068,Hong Kong
HO-131,Shoes6,Shoes,9.0,693.0713,6237.641699999999,Hong Kong
HO-132,Shoes4,Shoes,1.0,1160.8753,1160.8753,Hong Kong
HO-133,Jeans2,Jeans,7.0,959.8725999999999,6719.1082,Hong Kong
HO-134,Phone5,Smart Phone,10.0,1110.9252,11109.251999999999,Hong Kong
HO-135,Phone2,Smart Phone,7.0,1179.347,8255.429,Hong Kong
HO-136,Shoes4,Shoes,4.0,956.7029,3826.8116,Hong Kong
HO-137,Bottle2,Water bottles,5.0,981.9512,4909.755999999999,Hong Kong
HO-138,Jeans4,Jeans,3.0,959.3260999999999,2877.9782999999998,Hong Kong
HO-139,Jeans3,Jeans,9.0,1164.045,10476.405,Hong Kong
HO-140,Shoes2,Shoes,6.0,1116.0623,6696.3738,Hong Kong
HO-141,Phone3,Smart Phone,5.0,606.3964,3031.982,Hong Kong
HO-143,Perfume5,Perfumes,10.0,662.5766,6625.766,Hong Kong
HO-144,Shoes1,Shoes,8.0,593.8268999999999,4750.615199999999,Hong Kong
HO-145,Phone6,Smart Phone,3.0,1096.4976,3289.4928,Hong Kong
HO-146,Jeans2,Jeans,1.0,785.9762999999999,785.9762999999999,Hong Kong
HO-147,Shoes4,Shoes,4.0,1030.4804,4121.9216,Hong Kong
HO-148,Phone5,Smart Phone,6.0,1106.7718,6640.6308,Hong Kong
HO-149,Phone4,Smart Phone,10.0,1014.7412,10147.412,Hong Kong
HO-150,Shoes4,Shoes,10.0,915.6061,9156.061,Hong Kong
HO-151,Bottle1,Water bottles,8.0,819.8593000000001,6558.874400000001,Hong Kong
HO-152,Jeans5,Jeans,1.0,890.3577999999999,890.3577999999999,Hong Kong
HO-153,Bottle1,Water bottles,8.0,778.6532,6229.2256,Hong Kong
HO-154,Shoes4,Shoes,5.0,929.1593,4645.7965,Hong Kong
HO-155,Perfume2,Perfumes,8.0,563.3322,4506.6576,Hong Kong
HO-156,Jeans5,Jeans,9.0,594.7013,5352.311699999999,Hong Kong
HO-157,Phone1,Smart Phone,10.0,1127.6480999999999,11276.481,Hong Kong
HO-158,Phone1,Smart Phone,3.0,1002.8275,3008.4825,Hong Kong
HO-159,Tshirt6,Tshirts,6.0,559.7253,3358.3517999999995,Hong Kong
HO-160,Bottle5,Water bottles,3.0,765.1,2295.3,Hong Kong
HO-161,Jeans3,Jeans,3.0,613.5009,1840.5027,Hong Kong
HO-162,Bottle1,Water bottles,5.0,1011.1343,5055.6715,Hong Kong
HO-165,Phone2,Smart Phone,8.0,817.6733,6541.3864,Hong Kong
HO-167,Bottle5,Water bottles,4.0,534.2584,2137.0336,Hong Kong
HO-169,Perfume3,Perfumes,2.0,534.3677,1068.7354,Hong Kong
HO-170,Jeans2,Jeans,10.0,962.6050999999999,9626.051,Hong Kong
HO-171,Perfume5,Perfumes,8.0,1024.5782,8196.6256,Hong Kong
HO-172,Tshirt1,Tshirts,6.0,757.9954999999999,4547.972999999999,Hong Kong
HO-173,Tshirt4,Tshirts,2.0,704.985,1409.97,Hong Kong
HO-174,Bottle3,Water bottles,7.0,867.2955,6071.068499999999,Hong Kong
HO-175,Perfume1,Perfumes,9.0,1191.0421,10719.3789,Hong Kong
HO-176,Bottle5,Water bottles,5.0,798.983,3994.915,Hong Kong
HO-177,Shoes5,Shoes,10.0,747.7212999999999,7477.213,Hong Kong
HO-178,Perfume4,Perfumes,8.0,844.7797,6758.2376,Hong Kong
HO-180,Bottle1,Water bottles,4.0,1059.6635,4238.654,Hong Kong
HO-181,Phone1,Smart Phone,9.0,1064.2541,9578.286900000001,Hong Kong
HO-182,Bottle2,Water bottles,5.0,1053.1055,5265.527499999999,Hong Kong
HO-183,Perfume5,Perfumes,1.0,579.7271999999999,579.7271999999999,Hong Kong
HO-184,Phone6,Smart Phone,1.0,1082.3979,1082.3979,Hong Kong
HO-185,Shoes6,Shoes,8.0,1058.1333,8465.0664,Hong Kong
HO-186,Phone2,Smart Phone,9.0,1127.1016,10143.9144,Hong Kong
HO-187,Phone6,Smart Phone,9.0,709.5756,6386.1804,Hong Kong
HO-188,Shoes5,Shoes,4.0,904.1296,3616.5184,Hong Kong
HO-189,Shoes1,Shoes,5.0,1088.5187,5442.593500000001,Hong Kong
HO-190,Phone6,Smart Phone,3.0,899.6483,2698.9449,Hong Kong
HO-191,Perfume1,Perfumes,5.0,993.6462999999999,4968.2315,Hong Kong
HO-192,Tshirt3,Tshirts,8.0,1113.8763,8911.0104,Hong Kong
HO-193,Shoes2,Shoes,3.0,578.5249,1735.5747000000001,Hong Kong
HO-194,Jeans1,Jeans,1.0,1059.3355999999999,1059.3355999999999,Hong Kong
HO-195,Jeans2,Jeans,8.0,1012.6645000000001,8101.316000000001,Hong Kong
HO-196,Shoes2,Shoes,2.0,1075.512,2151.024,Hong Kong
HO-197,Bottle2,Water bottles,1.0,821.6081,821.6081,Hong Kong
HO-199,Perfume1,Perfumes,1.0,572.1855,572.1855,Hong Kong
SR-1,Perfume6,Perfumes,8,900.9,7207.2,Sri Lanka
SR-2,Shoes1,Shoes,1,851.47,851.47,Sri Lanka
SR-3,Perfume6,Perfumes,3,584.2,1752.6000000000001,Sri Lanka
SR-4,Jeans2,Jeans,4,588.33,2353.32,Sri Lanka
SR-5,Bottle4,Water bottles,3,1083.88,3251.6400000000003,Sri Lanka
SR-6,Bottle1,Water bottles,9,778.15,7003.349999999999,Sri Lanka
SR-7,Shoes5,Shoes,1,1050.59,1050.59,Sri Lanka
SR-8,Perfume4,Perfumes,3,603.74,1811.22,Sri Lanka
SR-9,Tshirt1,Tshirts,2,1050.02,2100.04,Sri Lanka
SR-10,Shoes4,Shoes,8,900.42,7203.36,Sri Lanka
SR-11,Jeans3,Jeans,10,926.06,9260.599999999999,Sri Lanka
SR-13,Phone3,Smart Phone,1,736.51,736.51,Sri Lanka
SR-14,Shoes3,Shoes,2,1180.75,2361.5,Sri Lanka
SR-15,Shoes6,Shoes,6,688.59,4131.54,Sri Lanka
SR-16,Bottle1,Water bottles,4,1139.4,4557.6,Sri Lanka
SR-17,Phone5,Smart Phone,1,860.69,860.69,Sri Lanka
SR-18,Shoes6,Shoes,3,1046.36,3139.08,Sri Lanka
SR-19,Perfume1,Perfumes,4,1085.88,4343.52,Sri Lanka
SR-20,Phone1,Smart Phone,4,691.78,2767.12,Sri Lanka
SR-21,Perfume4,Perfumes,2,976.82,1953.64,Sri Lanka
SR-22,Phone5,Smart Phone,8,910.82,7286.56,Sri Lanka
SR-23,Jeans3,Jeans,2,699.55,1399.1,Sri Lanka
SR-24,Jeans5,Jeans,4,1099.98,4399.92,Sri Lanka
SR-25,Bottle2,Water bottles,7,859.3,6015.099999999999,Sri Lanka
SR-26,Bottle1,Water bottles,3,953.16,2859.48,Sri Lanka
SR-27,Tshirt2,Tshirts,5,998.92,4994.599999999999,Sri Lanka
SR-28,Shoes4,Shoes,6,821.3,4927.799999999999,Sri Lanka
SR-29,Shoes6,Shoes,10,778.01,7780.1,Sri Lanka
SR-30,Perfume6,Perfumes,6,893.02,5358.12,Sri Lanka
SR-31,Shoes3,Shoes,8,544.69,4357.52,Sri Lanka
SR-32,Bottle3,Water bottles,5,959.28,4796.4,Sri Lanka
SR-33,Bottle3,Water bottles,9,1035.83,9322.47,Sri Lanka
SR-34,Perfume4,Perfumes,3,1004.9,3014.7,Sri Lanka
SR-36,Bottle5,Water bottles,6,1008.58,6051.4800000000005,Sri Lanka
SR-37,Perfume6,Perfumes,6,855.12,5130.72,Sri Lanka
SR-38,Bottle5,Water bottles,2,829.55,1659.1,Sri Lanka
SR-39,Bottle5,Water bottles,3,1162.85,3488.5499999999997,Sri Lanka
SR-40,Bottle1,Water bottles,4,1020.95,4083.8,Sri Lanka
SR-41,Shoes3,Shoes,5,824.63,4123.15,Sri Lanka
SR-42,Tshirt6,Tshirts,10,549.85,5498.5,Sri Lanka
SR-43,Perfume1,Perfumes,7,870.89,6096.23,Sri Lanka
SR-44,Jeans2,Jeans,6,786.43,4718.58,Sri Lanka
SR-45,Phone2,Smart Phone,3,1045.26,3135.7799999999997,Sri Lanka
SR-46,Bottle2,Water bottles,1,503.3,503.3,Sri Lanka
SR-47,Jeans5,Jeans,8,1049.65,8397.2,Sri Lanka
SR-48,Jeans5,Jeans,7,782.38,5476.66,Sri Lanka
SR-50,Tshirt3,Tshirts,9,633.4,5700.599999999999,Sri Lanka
SR-51,Bottle6,Water bottles,6,718.46,4310.76,Sri Lanka
SR-52,Perfume5,Perfumes,2,1076.69,2153.38,Sri Lanka
SR-53,Shoes4,Shoes,10,866.88,8668.8,Sri Lanka
SR-54,Bottle2,Water bottles,8,751.48,6011.84,Sri Lanka
SR-56,Perfume2,Perfumes,1,762.63,762.63,Sri Lanka
SR-59,Tshirt5,Tshirts,3,643.85,1931.5500000000002,Sri Lanka
SR-60,Tshirt3,Tshirts,2,963.74,1927.48,Sri Lanka
SR-61,Perfume6,Perfumes,2,858.11,1716.22,Sri Lanka
SR-62,Shoes1,Shoes,8,639.05,5112.4,Sri Lanka
SR-63,Shoes5,Shoes,6,992.41,5954.46,Sri Lanka
SR-64,Tshirt5,Tshirts,4,981.74,3926.96,Sri Lanka
SR-66,Perfume6,Perfumes,2,1045.67,2091.34,Sri Lanka
SR-67,Bottle1,Water bottles,4,819.73,3278.92,Sri Lanka
SR-68,Shoes4,Shoes,3,1111.9,3335.7000000000003,Sri Lanka
SR-69,Shoes6,Shoes,2,566.5,1133.0,Sri Lanka
SR-70,Tshirt1,Tshirts,3,730.06,2190.18,Sri Lanka
SR-71,Perfume3,Perfumes,2,760.84,1521.68,Sri Lanka
SR-72,Tshirt4,Tshirts,8,690.28,5522.24,Sri Lanka
SR-73,Phone4,Smart Phone,3,579.14,1737.42,Sri Lanka
SR-74,Tshirt2,Tshirts,10,837.87,8378.7,Sri Lanka
SR-75,Phone2,Smart Phone,6,927.95,5567.700000000001,Sri Lanka
SR-76,Bottle2,Water bottles,8,579.06,4632.48,Sri Lanka
SR-77,Tshirt1,Tshirts,6,508.65,3051.8999999999996,Sri Lanka
SR-78,Perfume6,Perfumes,10,656.79,6567.9,Sri Lanka
SR-79,Shoes5,Shoes,10,566.67,5666.7,Sri Lanka
SR-80,Jeans4,Jeans,7,604.06,4228.42,Sri Lanka
SR-82,Phone4,Smart Phone,2,1026.0,2052.0,Sri Lanka
SR-83,Shoes3,Shoes,4,885.35,3541.4,Sri Lanka
SR-84,Jeans1,Jeans,10,813.67,8136.7,Sri Lanka
SR-87,Perfume5,Perfumes,9,893.63,8042.67,Sri Lanka
SR-88,Phone3,Smart Phone,1,1071.61,1071.61,Sri Lanka
SR-89,Shoes5,Shoes,10,831.19,8311.900000000001,Sri Lanka
SR-90,Bottle4,Water bottles,4,501.54,2006.16,Sri Lanka
SR-92,Jeans4,Jeans,7,574.87,4024.09,Sri Lanka
SR-93,Jeans1,Jeans,7,650.91,4556.37,Sri Lanka
SR-94,Jeans6,Jeans,7,532.55,3727.8499999999995,Sri Lanka
SR-95,Bottle5,Water bottles,8,820.17,6561.36,Sri Lanka
SR-97,Phone5,Smart Phone,9,1046.76,9420.84,Sri Lanka
SR-98,Bottle5,Water bottles,3,572.49,1717.47,Sri Lanka
SR-99,Perfume3,Perfumes,7,793.07,5551.490000000001,Sri Lanka
SR-100,Bottle2,Water bottles,6,1179.34,7076.039999999999,Sri Lanka
SR-101,Jeans2,Jeans,9,709.24,6383.16,Sri Lanka
SR-102,Shoes6,Shoes,9,942.81,8485.289999999999,Sri Lanka
SR-103,Perfume6,Perfumes,6,1144.83,6868.98,Sri Lanka
SR-104,Bottle6,Water bottles,3,852.73,2558.19,Sri Lanka
SR-105,Shoes6,Shoes,6,893.6,5361.6,Sri Lanka
SR-106,Bottle6,Water bottles,9,700.15,6301.349999999999,Sri Lanka
SR-107,Tshirt5,Tshirts,7,601.73,4212.110000000001,Sri Lanka
SR-108,Jeans3,Jeans,3,1188.47,3565.41,Sri Lanka
SR-109,Jeans1,Jeans,5,642.8,3214.0,Sri Lanka
SR-110,Shoes4,Shoes,9,1105.39,9948.51,Sri Lanka
SR-112,Phone4,Smart Phone,6,1176.08,7056.48,Sri Lanka
SR-113,Bottle3,Water bottles,8,1080.99,8647.92,Sri Lanka
SR-114,Bottle6,Water bottles,10,882.63,8826.3,Sri Lanka
SR-115,Bottle2,Water bottles,3,1188.42,3565.26,Sri Lanka
SR-116,Jeans6,Jeans,7,528.44,3699.0800000000004,Sri Lanka
SR-117,Shoes2,Shoes,5,503.95,2519.75,Sri Lanka
SR-118,Jeans1,Jeans,6,917.82,5506.92,Sri Lanka
SR-119,Bottle5,Water bottles,5,843.39,4216.95,Sri Lanka
SR-120,Shoes1,Shoes,6,867.78,5206.68,Sri Lanka
SR-121,Perfume1,Perfumes,3,791.15,2373.45,Sri Lanka
SR-122,Tshirt3,Tshirts,4,964.33,3857.32,Sri Lanka
SR-123,Shoes2,Shoes,10,871.35,8713.5,Sri Lanka
SR-124,Bottle1,Water bottles,6,811.97,4871.82,Sri Lanka
SR-125,Perfume5,Perfumes,1,977.79,977.79,Sri Lanka
SR-126,Tshirt4,Tshirts,5,517.29,2586.45,Sri Lanka
SR-127,Shoes5,Shoes,8,840.76,6726.08,Sri Lanka
SR-128,Bottle2,Water bottles,2,1163.75,2327.5,Sri Lanka
SR-130,Jeans6,Jeans,2,643.91,1287.82,Sri Lanka
SR-131,Bottle4,Water bottles,2,1022.82,2045.64,Sri Lanka
SR-132,Phone6,Smart Phone,2,551.27,1102.54,Sri Lanka
SR-133,Shoes5,Shoes,4,1137.69,4550.76,Sri Lanka
SR-134,Phone6,Smart Phone,6,511.82,3070.92,Sri Lanka
SR-135,Perfume1,Perfumes,10,544.27,5442.7,Sri Lanka
SR-136,Tshirt6,Tshirts,6,1149.63,6897.780000000001,Sri Lanka
SR-137,Bottle3,Water bottles,5,1035.69,5178.450000000001,Sri Lanka
SR-139,Bottle4,Water bottles,9,706.48,6358.32,Sri Lanka
SR-141,Perfume2,Perfumes,1,900.9,900.9,Sri Lanka
SR-142,Perfume1,Perfumes,6,648.22,3889.32,Sri Lanka
SR-143,Perfume2,Perfumes,4,931.82,3727.28,Sri Lanka
SR-144,Tshirt2,Tshirts,10,1096.58,10965.8,Sri Lanka
SR-145,Perfume4,Perfumes,2,703.46,1406.92,Sri Lanka
SR-146,Tshirt2,Tshirts,8,1166.08,9328.64,Sri Lanka
SR-147,Bottle6,Water bottles,5,933.66,4668.3,Sri Lanka
SR-148,Shoes4,Shoes,10,961.6,9616.0,Sri Lanka
SR-149,Jeans5,Jeans,6,1171.06,7026.36,Sri Lanka
SR-150,Shoes2,Shoes,7,693.68,4855.759999999999,Sri Lanka
SR-151,Bottle6,Water bottles,8,823.99,6591.92,Sri Lanka
SR-152,Shoes4,Shoes,3,951.89,2855.67,Sri Lanka
SR-153,Shoes2,Shoes,4,684.26,2737.04,Sri Lanka
SR-154,Tshirt6,Tshirts,1,1094.71,1094.71,Sri Lanka
SR-156,Shoes5,Shoes,9,830.47,7474.2300000000005,Sri Lanka
SR-157,Shoes4,Shoes,10,1013.26,10132.6,Sri Lanka
SR-159,Jeans5,Jeans,9,598.26,5384.34,Sri Lanka
SR-160,Perfume5,Perfumes,3,1015.14,3045.42,Sri Lanka
SR-161,Shoes1,Shoes,8,662.22,5297.76,Sri Lanka
SR-162,Jeans1,Jeans,9,1135.41,10218.69,Sri Lanka
SR-163,Phone4,Smart Phone,1,1186.41,1186.41,Sri Lanka
SR-164,Bottle5,Water bottles,5,1084.41,5422.05,Sri Lanka
SR-165,Perfume5,Perfumes,7,755.71,5289.97,Sri Lanka
SR-166,Tshirt5,Tshirts,4,861.46,3445.84,Sri Lanka
SR-167,Shoes4,Shoes,10,504.62,5046.2,Sri Lanka
SR-168,Phone2,Smart Phone,9,950.43,8553.869999999999,Sri Lanka
SR-169,Jeans2,Jeans,2,962.78,1925.56,Sri Lanka
SR-170,Shoes6,Shoes,8,835.31,6682.48,Sri Lanka
SR-172,Jeans2,Jeans,1,1123.56,1123.56,Sri Lanka
SR-173,Jeans3,Jeans,9,1170.77,10536.93,Sri Lanka
SR-175,Shoes1,Shoes,10,1194.94,11949.400000000001,Sri Lanka
SR-176,Jeans2,Jeans,10,599.9,5999.0,Sri Lanka
SR-177,Jeans5,Jeans,5,617.41,3087.0499999999997,Sri Lanka
SR-178,Phone5,Smart Phone,4,764.75,3059.0,Sri Lanka
SR-179,Tshirt2,Tshirts,9,979.06,8811.539999999999,Sri Lanka
SR-180,Perfume1,Perfumes,10,919.87,9198.7,Sri Lanka
SR-181,Perfume5,Perfumes,2,837.57,1675.14,Sri Lanka
SR-182,Perfume5,Perfumes,7,865.43,6058.009999999999,Sri Lanka
SR-183,Tshirt6,Tshirts,4,1156.9,4627.6,Sri Lanka
SR-184,Phone3,Smart Phone,10,568.4,5684.0,Sri Lanka
SR-185,Phone2,Smart Phone,2,698.29,1396.58,Sri Lanka
SR-186,Phone3,Smart Phone,1,904.59,904.59,Sri Lanka
SR-187,Tshirt4,Tshirts,6,786.19,4717.14,Sri Lanka
SR-188,Phone6,Smart Phone,5,1098.48,5492.4,Sri Lanka
SR-189,Shoes5,Shoes,7,1028.48,7199.360000000001,Sri Lanka
SR-190,Perfume4,Perfumes,9,888.44,7995.960000000001,Sri Lanka
SR-191,Shoes5,Shoes,7,1015.05,7105.349999999999,Sri Lanka
SR-192,Bottle1,Water bottles,8,1048.18,8385.44,Sri Lanka
SR-193,Tshirt2,Tshirts,6,1060.6,6363.599999999999,Sri Lanka
SR-195,Tshirt2,Tshirts,10,804.76,8047.6,Sri Lanka
SR-196,Jeans3,Jeans,1,1007.15,1007.15,Sri Lanka
SR-197,Phone5,Smart Phone,5,998.12,4990.6,Sri Lanka
SR-198,Jeans6,Jeans,1,641.2,641.2,Sri Lanka
SR-199,Perfume3,Perfumes,10,857.38,8573.8,Sri Lanka
NO-1,Bottle1,Water bottles,8,1140.126,9121.008,Norway
NO-2,Bottle2,Water bottles,4,886.47,3545.88,Norway
NO-3,Phone4,Smart Phone,6,715.884,4295.304,Norway
NO-4,Phone4,Smart Phone,8,1033.11,8264.88,Norway
NO-5,Jeans3,Jeans,1,893.802,893.802,Norway
NO-6,Jeans1,Jeans,10,905.424,9054.24,Norway
NO-7,Jeans2,Jeans,7,898.872,6292.103999999999,Norway
NO-8,Perfume6,Perfumes,6,680.16,4080.96,Norway
NO-9,Bottle6,Water bottles,8,617.76,4942.08,Norway
NO-10,Jeans2,Jeans,8,628.836,5030.688,Norway
NO-11,Bottle1,Water bottles,2,1161.654,2323.308,Norway
NO-12,Tshirt4,Tshirts,4,547.5600000000001,2190.2400000000002,Norway
NO-13,Jeans5,Jeans,1,932.49,932.49,Norway
NO-14,Perfume4,Perfumes,1,504.66,504.66,Norway
NO-15,Tshirt1,Tshirts,5,875.004,4375.02,Norway
NO-16,Perfume6,Perfumes,3,574.938,1724.8139999999999,Norway
NO-17,Jeans2,Jeans,9,676.7280000000001,6090.552000000001,Norway
NO-18,Phone1,Smart Phone,7,821.2620000000001,5748.834000000001,Norway
NO-19,Bottle2,Water bottles,2,957.606,1915.212,Norway
NO-20,Tshirt1,Tshirts,7,886.86,6208.02,Norway
NO-21,Tshirt6,Tshirts,8,1091.766,8734.128,Norway
NO-22,Shoes5,Shoes,2,1126.32,2252.64,Norway
NO-25,Shoes1,Shoes,10,600.912,6009.120000000001,Norway
NO-26,Phone1,Smart Phone,10,668.3040000000001,6683.040000000001,Norway
NO-27,Phone6,Smart Phone,6,768.6899999999999,4612.139999999999,Norway
NO-28,Bottle6,Water bottles,6,537.576,3225.456,Norway
NO-29,Tshirt3,Tshirts,10,1168.3619999999999,11683.619999999999,Norway
NO-30,Shoes1,Shoes,8,843.414,6747.312,Norway
NO-31,Phone4,Smart Phone,10,962.442,9624.42,Norway
NO-32,Perfume3,Perfumes,2,557.466,1114.932,Norway
NO-33,Bottle6,Water bottles,7,721.656,5051.592,Norway
NO-34,Tshirt3,Tshirts,5,571.584,2857.9199999999996,Norway
NO-36,Shoes5,Shoes,10,1049.1,10491.0,Norway
NO-37,Tshirt3,Tshirts,2,1007.37,2014.74,Norway
NO-38,Jeans5,Jeans,7,618.618,4330.326,Norway
NO-39,Shoes4,Shoes,3,804.2579999999999,2412.774,Norway
NO-40,Phone1,Smart Phone,4,1004.6400000000001,4018.5600000000004,Norway
NO-41,Perfume2,Perfumes,3,713.232,2139.696,Norway
NO-42,Shoes5,Shoes,6,808.158,4848.948,Norway
NO-43,Bottle5,Water bottles,6,922.2719999999999,5533.632,Norway
NO-44,Phone3,Smart Phone,7,1178.1119999999999,8246.784,Norway
NO-45,Bottle6,Water bottles,10,1047.384,10473.84,Norway
NO-46,Shoes4,Shoes,10,639.834,6398.339999999999,Norway
NO-47,Jeans6,Jeans,1,1167.114,1167.114,Norway
NO-48,Bottle2,Water bottles,5,1081.938,5409.6900000000005,Norway
NO-49,Phone6,Smart Phone,5,669.396,3346.9799999999996,Norway
NO-50,Bottle4,Water bottles,2,814.32,1628.64,Norway
NO-51,Perfume4,Perfumes,7,880.542,6163.794,Norway
NO-52,Shoes6,Shoes,9,915.6419999999999,8240.778,Norway
NO-53,Tshirt2,Tshirts,6,616.434,3698.604,Norway
NO-54,Perfume6,Perfumes,7,1176.786,8237.502,Norway
NO-56,Perfume5,Perfumes,10,654.732,6547.32,Norway
NO-57,Phone6,Smart Phone,9,605.5139999999999,5449.625999999999,Norway
NO-58,Phone1,Smart Phone,2,581.256,1162.512,Norway
NO-59,Jeans3,Jeans,8,1049.022,8392.176,Norway
NO-60,Shoes4,Shoes,8,723.216,5785.728,Norway
NO-62,Jeans6,Jeans,3,886.314,2658.942,Norway
NO-63,Phone4,Smart Phone,7,940.836,6585.852,Norway
NO-64,Bottle4,Water bottles,10,1118.208,11182.080000000002,Norway
NO-66,Bottle1,Water bottles,9,630.8639999999999,5677.775999999999,Norway
NO-67,Phone1,Smart Phone,8,869.3879999999999,6955.103999999999,Norway
NO-68,Perfume4,Perfumes,10,579.93,5799.299999999999,Norway
NO-69,Phone5,Smart Phone,5,1143.0900000000001,5715.450000000001,Norway
NO-70,Bottle2,Water bottles,4,713.778,2855.112,Norway
NO-71,Bottle2,Water bottles,7,917.5139999999999,6422.597999999999,Norway
NO-72,Phone2,Smart Phone,9,985.3739999999999,8868.366,Norway
NO-73,Jeans5,Jeans,5,598.182,2990.91,Norway
NO-74,Phone5,Smart Phone,6,1166.256,6997.536,Norway
NO-75,Jeans4,Jeans,9,957.1379999999999,8614.241999999998,Norway
NO-76,Phone4,Smart Phone,8,842.088,6736.704,Norway
NO-77,Tshirt2,Tshirts,5,657.384,3286.92,Norway
NO-78,Phone5,Smart Phone,8,884.832,7078.656,Norway
NO-79,Tshirt3,Tshirts,6,879.4499999999999,5276.7,Norway
NO-80,Bottle4,Water bottles,7,571.662,4001.634,Norway
NO-81,Jeans3,Jeans,1,814.7879999999999,814.7879999999999,Norway
NO-82,Tshirt4,Tshirts,2,1042.938,2085.876,Norway
NO-83,Bottle5,Water bottles,10,942.942,9429.42,Norway
NO-84,Jeans2,Jeans,1,899.028,899.028,Norway
NO-85,Perfume5,Perfumes,5,702.5459999999999,3512.7299999999996,Norway
NO-86,Perfume6,Perfumes,3,1173.9779999999998,3521.9339999999993,Norway
NO-87,Tshirt3,Tshirts,3,990.99,2972.9700000000003,Norway
NO-88,Jeans6,Jeans,4,1033.032,4132.128,Norway
NO-89,Phone2,Smart Phone,5,939.432,4697.16,Norway
NO-90,Tshirt6,Tshirts,2,782.028,1564.056,Norway
NO-92,Bottle1,Water bottles,8,944.424,7555.392,Norway
NO-93,Tshirt5,Tshirts,7,1077.414,7541.898,Norway
NO-94,Shoes3,Shoes,10,591.396,5913.959999999999,Norway
NO-95,Shoes6,Shoes,1,569.712,569.712,Norway
NO-97,Phone2,Smart Phone,3,1117.506,3352.518,Norway
NO-98,Shoes1,Shoes,5,557.6999999999999,2788.4999999999995,Norway
NO-99,Bottle2,Water bottles,5,1008.228,5041.139999999999,Norway
NO-100,Phone6,Smart Phone,2,500.76,1001.52,Norway
NO-101,Jeans5,Jeans,8,506.532,4052.256,Norway
NO-102,Tshirt4,Tshirts,8,549.588,4396.704,Norway
NO-103,Bottle1,Water bottles,6,1116.7259999999999,6700.356,Norway
NO-104,Jeans6,Jeans,3,547.872,1643.616,Norway
NO-105,Perfume6,Perfumes,6,1005.732,6034.392,Norway
NO-106,Jeans4,Jeans,8,1101.984,8815.872,Norway
NO-107,Tshirt2,Tshirts,10,1011.0360000000001,10110.36,Norway
NO-108,Phone3,Smart Phone,4,693.8879999999999,2775.5519999999997,Norway
NO-109,Perfume5,Perfumes,10,699.426,6994.26,Norway
NO-110,Tshirt6,Tshirts,4,862.4459999999999,3449.7839999999997,Norway
NO-111,Bottle4,Water bottles,1,1048.632,1048.632,Norway
NO-112,Jeans4,Jeans,4,849.732,3398.928,Norway
NO-113,Perfume1,Perfumes,6,592.41,3554.46,Norway
NO-114,Perfume4,Perfumes,3,1033.89,3101.67,Norway
NO-116,Tshirt4,Tshirts,9,1037.01,9333.09,Norway
NO-117,Phone1,Smart Phone,9,931.242,8381.178,Norway
NO-118,Shoes1,Shoes,4,1182.012,4728.048,Norway
NO-119,Shoes4,Shoes,2,717.132,1434.264,Norway
NO-120,Jeans1,Jeans,7,581.178,4068.246,Norway
NO-121,Tshirt3,Tshirts,3,583.5959999999999,1750.7879999999996,Norway
NO-122,Bottle1,Water bottles,6,866.1120000000001,5196.6720000000005,Norway
NO-123,Bottle3,Water bottles,3,1024.8419999999999,3074.526,Norway
NO-124,Bottle1,Water bottles,1,734.526,734.526,Norway
NO-125,Perfume1,Perfumes,10,939.276,9392.76,Norway
NO-126,Perfume3,Perfumes,10,616.824,6168.24,Norway
NO-127,Tshirt5,Tshirts,2,659.88,1319.76,Norway
NO-128,Tshirt1,Tshirts,8,754.8059999999999,6038.447999999999,Norway
NO-129,Jeans1,Jeans,7,657.15,4600.05,Norway
NO-130,Bottle3,Water bottles,2,900.042,1800.084,Norway
NO-131,Bottle1,Water bottles,9,1187.0040000000001,10683.036000000002,Norway
NO-132,Tshirt4,Tshirts,5,729.144,3645.7200000000003,Norway
NO-133,Tshirt3,Tshirts,10,1049.1779999999999,10491.779999999999,Norway
NO-134,Jeans4,Jeans,8,1198.47,9587.76,Norway
NO-135,Bottle5,Water bottles,4,605.436,2421.744,Norway
NO-137,Bottle4,Water bottles,5,572.754,2863.77,Norway
NO-138,Jeans4,Jeans,1,1180.764,1180.764,Norway
NO-140,Phone6,Smart Phone,8,1182.168,9457.344,Norway
NO-141,Tshirt5,Tshirts,7,552.396,3866.772,Norway
NO-142,Phone6,Smart Phone,4,704.184,2816.736,Norway
NO-143,Phone6,Smart Phone,6,722.6700000000001,4336.02,Norway
NO-144,Tshirt2,Tshirts,10,576.2639999999999,5762.639999999999,Norway
NO-145,Phone4,Smart Phone,2,875.16,1750.32,Norway
NO-146,Jeans4,Jeans,5,1096.758,5483.79,Norway
NO-147,Bottle3,Water bottles,10,528.216,5282.16,Norway
NO-148,Shoes2,Shoes,4,1177.878,4711.512,Norway
NO-149,Tshirt6,Tshirts,3,521.742,1565.2259999999999,Norway
NO-150,Phone5,Smart Phone,4,566.28,2265.12,Norway
NO-152,Jeans2,Jeans,6,980.382,5882.2919999999995,Norway
NO-153,Tshirt5,Tshirts,2,515.268,1030.536,Norway
NO-154,Bottle4,Water bottles,2,1133.574,2267.148,Norway
NO-156,Perfume4,Perfumes,7,847.314,5931.197999999999,Norway
NO-157,Phone2,Smart Phone,3,692.484,2077.452,Norway
NO-158,Jeans1,Jeans,10,672.048,6720.48,Norway
NO-159,Phone5,Smart Phone,2,695.838,1391.676,Norway
NO-160,Jeans6,Jeans,9,674.3879999999999,6069.491999999999,Norway
NO-161,Perfume1,Perfumes,6,835.77,5014.62,Norway
NO-164,Phone5,Smart Phone,10,1199.718,11997.18,Norway
NO-165,Tshirt2,Tshirts,5,873.6,4368.0,Norway
NO-166,Bottle1,Water bottles,4,903.006,3612.024,Norway
NO-167,Phone3,Smart Phone,3,623.298,1869.894,Norway
NO-168,Bottle6,Water bottles,10,519.7139999999999,5197.139999999999,Norway
NO-169,Perfume5,Perfumes,4,1085.682,4342.728,Norway
NO-170,Phone5,Smart Phone,8,526.578,4212.624,Norway
NO-172,Perfume2,Perfumes,6,1001.832,6010.992,Norway
NO-174,Tshirt5,Tshirts,2,761.5139999999999,1523.0279999999998,Norway
NO-175,Phone5,Smart Phone,5,725.79,3628.95,Norway
NO-176,Bottle4,Water bottles,8,954.408,7635.264,Norway
NO-177,Perfume6,Perfumes,10,1050.894,10508.94,Norway
NO-178,Perfume2,Perfumes,5,589.134,2945.67,Norway
NO-179,Bottle5,Water bottles,10,522.678,5226.78,Norway
NO-180,Perfume2,Perfumes,2,1155.648,2311.296,Norway
NO-181,Bottle1,Water bottles,6,617.526,3705.156,Norway
NO-182,Tshirt6,Tshirts,6,812.604,4875.624,Norway
NO-183,Jeans6,Jeans,5,1050.894,5254.47,Norway
NO-184,Tshirt4,Tshirts,7,1178.346,8248.422,Norway
NO-185,Phone4,Smart Phone,7,571.0379999999999,3997.265999999999,Norway
NO-186,Perfume6,Perfumes,4,613.86,2455.44,Norway
NO-188,Shoes2,Shoes,3,1012.362,3037.086,Norway
NO-189,Tshirt3,Tshirts,10,1125.2279999999998,11252.279999999999,Norway
NO-190,Phone6,Smart Phone,7,609.96,4269.72,Norway
NO-191,Jeans2,Jeans,9,1005.4200000000001,9048.78,Norway
NO-192,Shoes6,Shoes,4,567.1379999999999,2268.5519999999997,Norway
NO-193,Perfume4,Perfumes,6,502.63199999999995,3015.7919999999995,Norway
NO-194,Bottle6,Water bottles,4,567.918,2271.672,Norway
NO-195,Bottle3,Water bottles,8,1090.674,8725.392,Norway
NO-196,Phone4,Smart Phone,5,563.784,2818.92,Norway
NO-198,Phone4,Smart Phone,5,894.972,4474.86,Norway
NO-199,Bottle6,Water bottles,6,1065.714,6394.284,Norway
NO-200,Perfume2,Perfumes,7,1072.89,7510.2300000000005,Norway
QA-1,Perfume4,Perfumes,9,634.05,5706.45,Qatar
QA-2,Shoes5,Shoes,4,864.675,3458.7,Qatar
QA-4,Perfume3,Perfumes,3,493.875,1481.625,Qatar
QA-5,Phone3,Smart Phone,7,1183.725,8286.074999999999,Qatar
QA-6,Jeans5,Jeans,5,524.925,2624.625,Qatar
QA-7,Perfume1,Perfumes,7,975.8249999999999,6830.775,Qatar
QA-8,Bottle5,Water bottles,7,639.0,4473.0,Qatar
QA-9,Shoes6,Shoes,5,1170.225,5851.125,Qatar
QA-10,Shoes2,Shoes,6,729.45,4376.700000000001,Qatar
QA-12,Tshirt5,Tshirts,1,958.05,958.05,Qatar
QA-13,Bottle6,Water bottles,7,865.1250000000001,6055.875000000001,Qatar
QA-14,Bottle6,Water bottles,1,1109.925,1109.925,Qatar
QA-15,Phone6,Smart Phone,7,1064.925,7454.474999999999,Qatar
QA-16,Jeans6,Jeans,2,813.15,1626.3,Qatar
QA-17,Phone1,Smart Phone,1,1017.225,1017.225,Qatar
QA-18,Bottle3,Water bottles,10,925.4250000000001,9254.25,Qatar
QA-19,Jeans2,Jeans,6,518.85,3113.1000000000004,Qatar
QA-20,Bottle6,Water bottles,1,628.875,628.875,Qatar
QA-21,Phone1,Smart Phone,10,839.025,8390.25,Qatar
QA-22,Jeans6,Jeans,10,883.8000000000001,8838.0,Qatar
QA-23,Jeans6,Jeans,5,1138.275,5691.375,Qatar
QA-25,Bottle6,Water bottles,5,963.675,4818.375,Qatar
QA-26,Tshirt4,Tshirts,1,1083.15,1083.15,Qatar
QA-27,Phone3,Smart Phone,9,815.625,7340.625,Qatar
QA-28,Tshirt6,Tshirts,5,1127.925,5639.625,Qatar
QA-29,Shoes1,Shoes,6,549.9,3299.3999999999996,Qatar
QA-30,Tshirt6,Tshirts,7,1155.15,8086.050000000001,Qatar
QA-31,Jeans2,Jeans,2,925.875,1851.75,Qatar
QA-32,Phone4,Smart Phone,10,1044.225,10442.25,Qatar
QA-33,Shoes2,Shoes,4,1155.825,4623.3,Qatar
QA-34,Shoes5,Shoes,2,1029.375,2058.75,Qatar
QA-35,Tshirt6,Tshirts,2,552.6,1105.2,Qatar
QA-36,Tshirt4,Tshirts,2,1034.1,2068.2,Qatar
QA-37,Phone1,Smart Phone,7,538.875,3772.125,Qatar
QA-38,Perfume1,Perfumes,7,770.8499999999999,5395.949999999999,Qatar
QA-39,Phone2,Smart Phone,10,500.85,5008.5,Qatar
QA-40,Phone5,Smart Phone,6,942.9749999999999,5657.849999999999,Qatar
QA-41,Tshirt4,Tshirts,10,626.4,6264.0,Qatar
QA-42,Perfume6,Perfumes,4,1118.25,4473.0,Qatar
QA-43,Perfume3,Perfumes,8,994.05,7952.4,Qatar
QA-44,Jeans2,Jeans,1,581.625,581.625,Qatar
QA-45,Perfume6,Perfumes,5,896.625,4483.125,Qatar
QA-46,Jeans2,Jeans,10,730.35,7303.5,Qatar
QA-47,Tshirt5,Tshirts,3,533.025,1599.0749999999998,Qatar
QA-48,Perfume1,Perfumes,4,1167.975,4671.9,Qatar
QA-49,Jeans1,Jeans,8,973.3499999999999,7786.799999999999,Qatar
QA-50,Perfume6,Perfumes,10,884.475,8844.75,Qatar
QA-51,Shoes4,Shoes,2,807.3000000000001,1614.6000000000001,Qatar
QA-52,Tshirt4,Tshirts,1,934.65,934.65,Qatar
QA-53,Phone5,Smart Phone,8,1000.8,8006.4,Qatar
QA-54,Shoes6,Shoes,7,620.775,4345.425,Qatar
QA-55,Shoes1,Shoes,1,876.6,876.6,Qatar
QA-57,Jeans3,Jeans,5,990.0,4950.0,Qatar
QA-58,Perfume2,Perfumes,1,615.15,615.15,Qatar
QA-59,Tshirt1,Tshirts,3,755.1,2265.3,Qatar
QA-60,Tshirt3,Tshirts,5,808.65,4043.25,Qatar
QA-61,Shoes6,Shoes,9,1168.425,10515.824999999999,Qatar
QA-62,Phone6,Smart Phone,3,1103.175,3309.5249999999996,Qatar
QA-63,Jeans2,Jeans,6,713.025,4278.15,Qatar
QA-64,Bottle2,Water bottles,10,899.1,8991.0,Qatar
QA-65,Shoes2,Shoes,1,928.3499999999999,928.3499999999999,Qatar
QA-66,Jeans5,Jeans,8,637.875,5103.0,Qatar
QA-67,Phone6,Smart Phone,3,844.8749999999999,2534.6249999999995,Qatar
QA-68,Bottle5,Water bottles,9,814.05,7326.45,Qatar
QA-69,Shoes5,Shoes,8,820.8,6566.4,Qatar
QA-70,Bottle5,Water bottles,4,645.075,2580.3,Qatar
QA-71,Jeans4,Jeans,7,1107.225,7750.574999999999,Qatar
QA-72,Shoes3,Shoes,3,1012.7249999999999,3038.1749999999997,Qatar
QA-73,Perfume3,Perfumes,1,814.725,814.725,Qatar
QA-74,Phone4,Smart Phone,7,747.225,5230.575,Qatar
QA-76,Tshirt3,Tshirts,5,1075.5,5377.5,Qatar
QA-77,Bottle1,Water bottles,4,561.375,2245.5,Qatar
QA-78,Tshirt5,Tshirts,4,959.8499999999999,3839.3999999999996,Qatar
QA-79,Bottle6,Water bottles,4,980.7750000000001,3923.1000000000004,Qatar
QA-80,Bottle6,Water bottles,5,499.27500000000003,2496.375,Qatar
QA-82,Bottle5,Water bottles,3,1091.25,3273.75,Qatar
QA-83,Bottle6,Water bottles,4,849.825,3399.3,Qatar
QA-84,Phone6,Smart Phone,6,1040.4,6242.400000000001,Qatar
QA-85,Jeans4,Jeans,7,638.1,4466.7,Qatar
QA-86,Perfume1,Perfumes,10,1097.1,10971.0,Qatar
QA-87,Bottle1,Water bottles,6,728.1,4368.6,Qatar
QA-88,Bottle4,Water bottles,9,700.425,6303.825,Qatar
QA-89,Perfume1,Perfumes,3,1168.425,3505.2749999999996,Qatar
QA-90,Perfume6,Perfumes,10,889.8749999999999,8898.749999999998,Qatar
QA-91,Phone2,Smart Phone,2,862.6500000000001,1725.3000000000002,Qatar
QA-92,Tshirt3,Tshirts,8,934.8749999999999,7478.999999999999,Qatar
QA-93,Jeans1,Jeans,3,515.475,1546.4250000000002,Qatar
QA-94,Phone1,Smart Phone,2,1122.975,2245.95,Qatar
QA-95,Jeans2,Jeans,9,541.8,4876.2,Qatar
QA-96,Perfume1,Perfumes,7,763.65,5345.55,Qatar
QA-97,Jeans5,Jeans,2,762.0749999999999,1524.1499999999999,Qatar
QA-98,Jeans2,Jeans,5,792.0000000000001,3960.0000000000005,Qatar
QA-99,Phone2,Smart Phone,5,899.3249999999999,4496.625,Qatar
QA-100,Bottle4,Water bottles,1,1178.1,1178.1,Qatar
QA-101,Phone5,Smart Phone,9,720.6750000000001,6486.075000000001,Qatar
QA-102,Phone4,Smart Phone,1,1002.825,1002.825,Qatar
QA-103,Phone3,Smart Phone,5,763.65,3818.25,Qatar
QA-104,Jeans4,Jeans,10,999.9,9999.0,Qatar
QA-105,Bottle2,Water bottles,2,765.2249999999999,1530.4499999999998,Qatar
QA-106,Jeans2,Jeans,9,695.025,6255.224999999999,Qatar
QA-107,Bottle6,Water bottles,4,1121.175,4484.7,Qatar
QA-108,Perfume1,Perfumes,2,1015.1999999999999,2030.3999999999999,Qatar
QA-110,Tshirt1,Tshirts,8,756.6750000000001,6053.400000000001,Qatar
QA-112,Jeans3,Jeans,8,828.225,6625.8,Qatar
QA-113,Perfume6,Perfumes,8,590.4,4723.2,Qatar
QA-114,Jeans2,Jeans,10,562.95,5629.5,Qatar
QA-117,Bottle5,Water bottles,1,1071.225,1071.225,Qatar
QA-118,Bottle6,Water bottles,2,763.2,1526.4,Qatar
QA-120,Jeans3,Jeans,4,556.65,2226.6,Qatar
QA-121,Tshirt3,Tshirts,2,645.75,1291.5,Qatar
QA-122,Bottle2,Water bottles,1,780.525,780.525,Qatar
QA-123,Shoes3,Shoes,4,924.975,3699.9,Qatar
QA-124,Phone4,Smart Phone,4,566.55,2266.2,Qatar
QA-125,Tshirt4,Tshirts,1,762.3000000000001,762.3000000000001,Qatar
QA-126,Tshirt6,Tshirts,10,748.3499999999999,7483.499999999999,Qatar
QA-127,Jeans4,Jeans,10,838.575,8385.75,Qatar
QA-128,Bottle5,Water bottles,10,611.775,6117.75,Qatar
QA-129,Perfume3,Perfumes,7,961.6500000000001,6731.550000000001,Qatar
QA-130,Bottle2,Water bottles,6,1169.1,7014.599999999999,Qatar
QA-132,Perfume6,Perfumes,9,899.3249999999999,8093.924999999999,Qatar
QA-133,Jeans1,Jeans,2,706.725,1413.45,Qatar
QA-134,Jeans5,Jeans,3,752.175,2256.5249999999996,Qatar
QA-135,Jeans4,Jeans,1,657.9,657.9,Qatar
QA-136,Phone6,Smart Phone,3,685.5749999999999,2056.725,Qatar
QA-137,Tshirt5,Tshirts,7,941.175,6588.224999999999,Qatar
QA-138,Tshirt2,Tshirts,6,730.1250000000001,4380.750000000001,Qatar
QA-139,Tshirt6,Tshirts,4,913.5,3654.0,Qatar
QA-140,Shoes2,Shoes,1,537.975,537.975,Qatar
QA-141,Jeans1,Jeans,3,1141.65,3424.9500000000003,Qatar
QA-142,Jeans5,Jeans,4,656.775,2627.1,Qatar
QA-143,Bottle4,Water bottles,4,662.625,2650.5,Qatar
QA-144,Jeans3,Jeans,8,1161.9,9295.2,Qatar
QA-145,Phone1,Smart Phone,6,768.5999999999999,4611.599999999999,Qatar
QA-146,Phone4,Smart Phone,7,1018.575,7130.025000000001,Qatar
QA-147,Phone1,Smart Phone,7,1083.375,7583.625,Qatar
QA-148,Shoes5,Shoes,9,995.4000000000001,8958.6,Qatar
QA-149,Phone3,Smart Phone,7,881.775,6172.425,Qatar
QA-150,Shoes2,Shoes,4,600.3,2401.2,Qatar
QA-151,Tshirt5,Tshirts,6,832.95,4997.700000000001,Qatar
QA-152,Phone6,Smart Phone,8,706.05,5648.4,Qatar
QA-153,Tshirt4,Tshirts,2,759.1500000000001,1518.3000000000002,Qatar
QA-154,Jeans4,Jeans,6,845.55,5073.299999999999,Qatar
QA-155,Bottle3,Water bottles,7,1133.55,7934.849999999999,Qatar
QA-157,Bottle1,Water bottles,3,673.875,2021.625,Qatar
QA-158,Bottle2,Water bottles,10,893.025,8930.25,Qatar
QA-159,Jeans1,Jeans,2,938.475,1876.95,Qatar
QA-160,Phone6,Smart Phone,2,851.625,1703.25,Qatar
QA-161,Phone2,Smart Phone,5,971.325,4856.625,Qatar
QA-162,Perfume6,Perfumes,10,706.275,7062.75,Qatar
QA-163,Bottle1,Water bottles,10,1030.05,10300.5,Qatar
QA-166,Perfume4,Perfumes,7,611.325,4279.275000000001,Qatar
QA-167,Bottle2,Water bottles,3,840.6,2521.8,Qatar
QA-168,Perfume2,Perfumes,1,1011.3750000000001,1011.3750000000001,Qatar
QA-169,Jeans3,Jeans,7,797.85,5584.95,Qatar
QA-170,Tshirt6,Tshirts,5,552.6,2763.0,Qatar
QA-172,Tshirt1,Tshirts,1,953.1,953.1,Qatar
QA-173,Tshirt1,Tshirts,1,752.85,752.85,Qatar
QA-174,Shoes4,Shoes,6,911.0250000000001,5466.150000000001,Qatar
QA-175,Bottle3,Water bottles,4,1143.45,4573.8,Qatar
QA-176,Phone5,Smart Phone,6,1096.425,6578.549999999999,Qatar
QA-177,Tshirt4,Tshirts,7,994.5000000000001,6961.500000000001,Qatar
QA-178,Jeans1,Jeans,9,686.475,6178.275000000001,Qatar
QA-179,Jeans3,Jeans,8,849.1500000000001,6793.200000000001,Qatar
QA-180,Tshirt6,Tshirts,6,504.90000000000003,3029.4,Qatar
QA-181,Tshirt6,Tshirts,8,654.75,5238.0,Qatar
QA-182,Bottle5,Water bottles,6,789.075,4734.450000000001,Qatar
QA-183,Phone6,Smart Phone,2,1000.5749999999999,2001.1499999999999,Qatar
QA-184,Jeans6,Jeans,9,1098.675,9888.074999999999,Qatar
QA-186,Bottle5,Water bottles,8,609.525,4876.2,Qatar
QA-187,Tshirt4,Tshirts,4,661.5,2646.0,Qatar
QA-189,Shoes4,Shoes,4,990.2249999999999,3960.8999999999996,Qatar
QA-190,Bottle1,Water bottles,9,931.0500000000001,8379.45,Qatar
QA-191,Bottle3,Water bottles,10,1022.85,10228.5,Qatar
QA-192,Bottle3,Water bottles,7,945.2249999999999,6616.574999999999,Qatar
QA-193,Phone2,Smart Phone,2,694.35,1388.7,Qatar
QA-194,Shoes6,Shoes,4,1007.775,4031.1,Qatar
QA-196,Tshirt5,Tshirts,7,1170.225,8191.574999999999,Qatar
QA-197,Shoes6,Shoes,3,852.525,2557.575,Qatar
QA-198,Jeans1,Jeans,9,1082.25,9740.25,Qatar
QA-199,Shoes2,Shoes,8,595.35,4762.8,Qatar
QA-200,Bottle6,Water bottles,1,907.2,907.2,Qatar
GE-1,Bottle1,Water bottles,7,792.8715,5550.1005,Germany
GE-2,Tshirt6,Tshirts,3,554.187,1662.5610000000001,Germany
GE-3,Shoes2,Shoes,7,595.3395,4167.3765,Germany
GE-4,Bottle4,Water bottles,10,930.0465,9300.465,Germany
GE-5,Bottle4,Water bottles,10,1184.2775,11842.775,Germany
GE-6,Perfume3,Perfumes,8,585.2800000000001,4682.240000000001,Germany
GE-7,Phone2,Smart Phone,3,529.4955,1588.4865,Germany
GE-8,Tshirt4,Tshirts,3,780.0685,2340.2055,Germany
GE-9,Jeans3,Jeans,2,1048.9315000000001,2097.8630000000003,Germany
GE-10,Perfume4,Perfumes,4,716.968,2867.872,Germany
GE-11,Perfume3,Perfumes,9,897.1245000000001,8074.120500000001,Germany
GE-12,Tshirt4,Tshirts,2,780.983,1561.966,Germany
GE-13,Phone4,Smart Phone,1,633.7485,633.7485,Germany
GE-14,Shoes6,Shoes,7,603.5699999999999,4224.99,Germany
GE-15,Phone1,Smart Phone,8,977.6005,7820.804,Germany
GE-16,Perfume4,Perfumes,3,868.775,2606.325,Germany
GE-17,Phone5,Smart Phone,10,989.489,9894.89,Germany
GE-18,Shoes3,Shoes,10,540.4695,5404.695000000001,Germany
GE-19,Shoes6,Shoes,6,779.154,4674.924,Germany
GE-20,Shoes4,Shoes,4,684.046,2736.184,Germany
GE-21,Perfume1,Perfumes,2,1125.7495000000001,2251.4990000000003,Germany
GE-22,Jeans1,Jeans,1,835.8530000000001,835.8530000000001,Germany
GE-23,Perfume5,Perfumes,5,522.1795,2610.8975,Germany
GE-24,Tshirt3,Tshirts,7,737.0870000000001,5159.609,Germany
GE-25,Phone1,Smart Phone,4,747.1465000000001,2988.5860000000002,Germany
GE-26,Bottle3,Water bottles,5,766.3510000000001,3831.7550000000006,Germany
GE-27,Phone6,Smart Phone,2,1105.6305,2211.261,Germany
GE-29,Jeans5,Jeans,2,1018.753,2037.506,Germany
GE-30,Perfume3,Perfumes,10,1078.1955,10781.955,Germany
GE-31,Jeans3,Jeans,5,866.946,4334.7300000000005,Germany
GE-32,Bottle5,Water bottles,7,793.786,5556.5019999999995,Germany
GE-33,Phone6,Smart Phone,3,1134.8945,3404.6835,Germany
GE-34,Perfume2,Perfumes,4,978.515,3914.06,Germany
GE-35,Phone3,Smart Phone,9,1083.6825,9753.142499999998,Germany
GE-36,Phone5,Smart Phone,1,879.7489999999999,879.7489999999999,Germany
GE-37,Jeans2,Jeans,5,1108.374,5541.87,Germany
GE-38,Tshirt6,Tshirts,7,697.7635,4884.3445,Germany
GE-39,Jeans3,Jeans,4,796.5295000000001,3186.1180000000004,Germany
GE-40,Jeans1,Jeans,5,838.5965,4192.9825,Germany
GE-41,Phone4,Smart Phone,1,652.0385,652.0385,Germany
GE-42,Tshirt3,Tshirts,5,976.686,4883.43,Germany
GE-43,Tshirt6,Tshirts,1,547.7855000000001,547.7855000000001,Germany
GE-44,Shoes5,Shoes,2,1148.612,2297.224,Germany
GE-45,Shoes6,Shoes,2,790.128,1580.256,Germany
GE-46,Jeans2,Jeans,9,1171.4745,10543.2705,Germany
GE-47,Perfume5,Perfumes,2,677.6445,1355.289,Germany
GE-48,Shoes3,Shoes,7,1080.939,7566.573,Germany
GE-49,Phone2,Smart Phone,3,660.269,1980.807,Germany
GE-50,Phone3,Smart Phone,1,856.8865,856.8865,Germany
GE-51,Tshirt3,Tshirts,8,994.0614999999999,7952.491999999999,Germany
GE-53,Perfume1,Perfumes,1,999.5485,999.5485,Germany
GE-54,Jeans3,Jeans,5,962.9685,4814.8425,Germany
GE-55,Bottle1,Water bottles,4,1118.4335,4473.734,Germany
GE-56,Phone3,Smart Phone,4,719.7115,2878.846,Germany
GE-57,Jeans4,Jeans,7,1069.0505,7483.3535,Germany
GE-58,Tshirt4,Tshirts,7,1166.902,8168.314,Germany
GE-59,Phone1,Smart Phone,5,867.8605,4339.3025,Germany
GE-61,Tshirt6,Tshirts,8,1070.8795,8567.036,Germany
GE-62,Phone2,Smart Phone,6,917.2434999999999,5503.460999999999,Germany
GE-63,Jeans5,Jeans,3,1110.203,3330.609,Germany
GE-64,Shoes4,Shoes,3,693.191,2079.5730000000003,Germany
GE-65,Shoes3,Shoes,7,769.0945,5383.6615,Germany
GE-66,Phone5,Smart Phone,1,1165.073,1165.073,Germany
GE-67,Bottle2,Water bottles,8,649.295,5194.36,Germany
GE-68,Jeans1,Jeans,7,935.5335000000001,6548.7345000000005,Germany
GE-69,Shoes2,Shoes,2,518.5215000000001,1037.0430000000001,Germany
GE-70,Phone6,Smart Phone,4,1016.0095,4064.038,Germany
GE-71,Shoes3,Shoes,7,600.8265,4205.7855,Germany
GE-72,Perfume2,Perfumes,5,1025.1545,5125.772500000001,Germany
GE-73,Jeans4,Jeans,1,714.2245,714.2245,Germany
GE-74,Perfume4,Perfumes,6,922.7305,5536.383,Germany
GE-75,Tshirt1,Tshirts,6,1200.7385000000002,7204.4310000000005,Germany
GE-76,Jeans6,Jeans,7,1031.556,7220.892,Germany
GE-77,Tshirt5,Tshirts,6,1170.5600000000002,7023.360000000001,Germany
GE-78,Shoes5,Shoes,10,1012.3515000000001,10123.515000000001,Germany
GE-79,Tshirt3,Tshirts,7,723.3695,5063.5865,Germany
GE-80,Shoes2,Shoes,9,537.726,4839.534,Germany
GE-81,Jeans5,Jeans,6,1132.151,6792.906000000001,Germany
GE-82,Shoes6,Shoes,3,693.191,2079.5730000000003,Germany
GE-83,Jeans4,Jeans,5,1039.7865,5198.9325,Germany
GE-84,Shoes3,Shoes,5,876.091,4380.455,Germany
GE-85,Jeans3,Jeans,8,1051.675,8413.4,Germany
GE-86,Bottle6,Water bottles,1,641.9789999999999,641.9789999999999,Germany
GE-87,Jeans1,Jeans,3,1010.5225000000002,3031.5675000000006,Germany
GE-88,Phone1,Smart Phone,9,853.2285,7679.056500000001,Germany
GE-89,Bottle2,Water bottles,2,652.953,1305.906,Germany
GE-90,Jeans6,Jeans,5,909.013,4545.0650000000005,Germany
GE-91,Jeans5,Jeans,1,882.4925000000001,882.4925000000001,Germany
GE-92,Phone1,Smart Phone,8,989.489,7915.912,Germany
GE-93,Tshirt3,Tshirts,2,788.299,1576.598,Germany
GE-94,Tshirt3,Tshirts,2,835.8530000000001,1671.7060000000001,Germany
GE-96,Tshirt6,Tshirts,8,738.916,5911.328,Germany
GE-97,Bottle5,Water bottles,1,1078.1955,1078.1955,Germany
GE-98,Tshirt6,Tshirts,10,779.154,7791.54,Germany
GE-99,Jeans2,Jeans,7,571.5625,4000.9375,Germany
GE-100,Jeans4,Jeans,5,968.4555,4842.2775,Germany
GE-101,Jeans1,Jeans,7,1031.556,7220.892,Germany
GE-102,Bottle5,Water bottles,2,1100.1435,2200.287,Germany
GE-103,Phone4,Smart Phone,8,698.678,5589.424,Germany
GE-104,Tshirt4,Tshirts,10,641.0645,6410.6449999999995,Germany
GE-105,Tshirt1,Tshirts,8,989.489,7915.912,Germany
GE-106,Bottle2,Water bottles,9,955.6524999999999,8600.8725,Germany
GE-107,Shoes4,Shoes,8,721.5405,5772.324,Germany
GE-108,Bottle3,Water bottles,9,812.0760000000001,7308.684000000001,Germany
GE-109,Perfume1,Perfumes,9,584.3655,5259.2895,Germany
GE-110,Tshirt4,Tshirts,10,1086.4260000000002,10864.260000000002,Germany
GE-111,Perfume1,Perfumes,1,588.9380000000001,588.9380000000001,Germany
GE-112,Jeans2,Jeans,1,566.99,566.99,Germany
GE-113,Shoes3,Shoes,8,1047.1025,8376.82,Germany
GE-114,Shoes3,Shoes,3,658.44,1975.3200000000002,Germany
GE-117,Phone6,Smart Phone,10,1024.24,10242.4,Germany
GE-118,Perfume3,Perfumes,7,1080.0245,7560.1715,Germany
GE-119,Jeans1,Jeans,1,1003.2065000000001,1003.2065000000001,Germany
GE-120,Tshirt2,Tshirts,3,970.2845,2910.8535,Germany
GE-121,Bottle5,Water bottles,5,1055.3329999999999,5276.664999999999,Germany
GE-122,Phone1,Smart Phone,3,1033.385,3100.1549999999997,Germany
GE-125,Bottle6,Water bottles,7,1112.0320000000002,7784.224000000001,Germany
GE-126,Perfume6,Perfumes,5,534.068,2670.34,Germany
GE-127,Perfume5,Perfumes,8,673.072,5384.576,Germany
GE-128,Tshirt4,Tshirts,9,553.2725,4979.4525,Germany
GE-129,Phone4,Smart Phone,10,1176.047,11760.470000000001,Germany
GE-131,Shoes4,Shoes,4,926.3885000000001,3705.5540000000005,Germany
GE-132,Perfume6,Perfumes,3,1135.809,3407.4269999999997,Germany
GE-133,Phone4,Smart Phone,6,1074.5375000000001,6447.225,Germany
GE-134,Jeans5,Jeans,2,982.173,1964.346,Germany
GE-135,Jeans2,Jeans,2,1072.7085000000002,2145.4170000000004,Germany
GE-137,Shoes3,Shoes,3,1097.4,3292.2000000000003,Germany
GE-138,Tshirt1,Tshirts,2,947.422,1894.844,Germany
GE-139,Jeans4,Jeans,6,1066.307,6397.842000000001,Germany
GE-140,Perfume3,Perfumes,9,938.277,8444.493,Germany
GE-141,Tshirt4,Tshirts,2,1201.653,2403.306,Germany
GE-142,Perfume1,Perfumes,1,868.775,868.775,Germany
GE-143,Tshirt2,Tshirts,3,1026.0690000000002,3078.2070000000003,Germany
GE-144,Perfume4,Perfumes,2,618.202,1236.404,Germany
GE-145,Jeans1,Jeans,8,1197.9950000000001,9583.960000000001,Germany
GE-146,Tshirt2,Tshirts,8,750.8045000000001,6006.436000000001,Germany
GE-147,Tshirt3,Tshirts,7,764.5219999999999,5351.6539999999995,Germany
GE-148,Jeans5,Jeans,4,606.3135,2425.254,Germany
GE-149,Phone4,Smart Phone,9,1073.623,9662.607,Germany
GE-150,Tshirt4,Tshirts,1,1018.753,1018.753,Germany
GE-151,Tshirt1,Tshirts,7,1206.2255,8443.5785,Germany
GE-152,Tshirt4,Tshirts,3,1150.441,3451.3230000000003,Germany
GE-153,Bottle6,Water bottles,9,1199.824,10798.416000000001,Germany
GE-154,Bottle6,Water bottles,5,1021.4965,5107.4825,Germany
GE-155,Shoes1,Shoes,9,941.9350000000001,8477.415,Germany
GE-156,Phone4,Smart Phone,9,951.9945,8567.9505,Germany
GE-157,Phone6,Smart Phone,7,1059.9055,7419.338500000001,Germany
GE-158,Tshirt1,Tshirts,7,1024.24,7169.68,Germany
GE-159,Jeans5,Jeans,5,660.269,3301.3450000000003,Germany
GE-160,Shoes5,Shoes,3,524.923,1574.769,Germany
GE-161,Perfume5,Perfumes,5,1025.1545,5125.772500000001,Germany
GE-162,Tshirt6,Tshirts,6,693.191,4159.146000000001,Germany
GE-163,Tshirt1,Tshirts,2,827.6225000000001,1655.2450000000001,Germany
GE-164,Tshirt4,Tshirts,4,1080.939,4323.756,Germany
GE-165,Perfume6,Perfumes,9,1108.374,9975.366,Germany
GE-166,Shoes3,Shoes,10,986.7455,9867.455,Germany
GE-167,Perfume6,Perfumes,6,875.1765,5251.059,Germany
GE-168,Shoes4,Shoes,7,1097.4,7681.800000000001,Germany
GE-169,Tshirt4,Tshirts,8,661.1835000000001,5289.468000000001,Germany
GE-170,Bottle5,Water bottles,9,877.0055,7893.0495,Germany
GE-171,Shoes5,Shoes,7,1217.1995000000002,8520.3965,Germany
GE-172,Phone6,Smart Phone,3,610.886,1832.658,Germany
GE-173,Bottle4,Water bottles,9,1122.0915,10098.8235,Germany
GE-174,Jeans4,Jeans,3,1179.7050000000002,3539.1150000000007,Germany
GE-175,Tshirt5,Tshirts,2,594.4250000000001,1188.8500000000001,Germany
GE-176,Tshirt5,Tshirts,6,725.1985,4351.191,Germany
GE-178,Phone1,Smart Phone,5,1140.3815000000002,5701.907500000001,Germany
GE-180,Tshirt4,Tshirts,5,910.8420000000001,4554.210000000001,Germany
GE-181,Phone4,Smart Phone,10,602.6555,6026.554999999999,Germany
GE-182,Bottle4,Water bottles,8,613.6295,4909.036,Germany
GE-183,Tshirt5,Tshirts,7,783.7265000000001,5486.085500000001,Germany
GE-185,Shoes6,Shoes,3,1011.4370000000001,3034.3110000000006,Germany
GE-186,Bottle3,Water bottles,2,965.7120000000001,1931.4240000000002,Germany
GE-187,Perfume5,Perfumes,1,1188.8500000000001,1188.8500000000001,Germany
GE-188,Phone5,Smart Phone,2,976.686,1953.372,Germany
GE-189,Tshirt3,Tshirts,4,1098.3145,4393.258,Germany
GE-190,Perfume4,Perfumes,9,940.106,8460.954,Germany
GE-191,Tshirt4,Tshirts,1,749.89,749.89,Germany
GE-192,Tshirt5,Tshirts,5,572.477,2862.3849999999998,Germany
GE-193,Perfume2,Perfumes,3,689.533,2068.599,Germany
GE-194,Shoes4,Shoes,1,944.6785,944.6785,Germany
GE-195,Tshirt6,Tshirts,7,577.964,4045.7480000000005,Germany
GE-196,Shoes3,Shoes,2,545.042,1090.084,Germany
GE-197,Perfume5,Perfumes,9,1043.4445,9391.0005,Germany
GE-198,Tshirt3,Tshirts,8,901.697,7213.576,Germany
GE-199,Tshirt4,Tshirts,1,699.5925000000001,699.5925000000001,Germany
GE-200,Bottle1,Water bottles,9,971.199,8740.791,Germany
OM-1,Jeans3,Jeans,5,1799.908,8999.539999999999,Oman
OM-2,Phone6,Smart Phone,3,1582.455,4747.365,Oman
OM-3,Perfume5,Perfumes,4,2282.18,9128.72,Oman
OM-4,Shoes2,Shoes,5,2340.311,11701.555,Oman
OM-5,Shoes5,Shoes,9,2103.481,18931.329,Oman
OM-6,Phone6,Smart Phone,7,1395.1440000000002,9766.008000000002,Oman
OM-7,Jeans6,Jeans,10,2439.349,24393.49,Oman
OM-8,Phone5,Smart Phone,6,2781.676,16690.056,Oman
OM-9,Bottle5,Water bottles,8,2327.393,18619.144,Oman
OM-10,Bottle4,Water bottles,5,2540.5400000000004,12702.700000000003,Oman
OM-11,Phone4,Smart Phone,4,1558.7720000000002,6235.088000000001,Oman
OM-12,Shoes3,Shoes,6,2730.004,16380.024,Oman
OM-14,Phone2,Smart Phone,6,2394.136,14364.815999999999,Oman
OM-15,Tshirt4,Tshirts,2,1888.181,3776.362,Oman
OM-16,Shoes5,Shoes,10,2047.5030000000002,20475.030000000002,Oman
OM-17,Perfume2,Perfumes,7,1416.674,9916.718,Oman
OM-18,Bottle5,Water bottles,7,2327.393,16291.751,Oman
OM-19,Bottle2,Water bottles,2,2639.578,5279.156,Oman
OM-20,Phone1,Smart Phone,8,1888.181,15105.448,Oman
OM-21,Phone2,Smart Phone,7,1423.133,9961.931,Oman
OM-22,Perfume4,Perfumes,1,1461.8870000000002,1461.8870000000002,Oman
OM-23,Perfume6,Perfumes,3,2497.48,7492.4400000000005,Oman
OM-24,Shoes4,Shoes,8,1651.351,13210.808,Oman
OM-25,Shoes3,Shoes,5,2964.681,14823.405,Oman
OM-26,Bottle3,Water bottles,10,1311.1770000000001,13111.77,Oman
OM-27,Phone2,Smart Phone,1,1967.8420000000003,1967.8420000000003,Oman
OM-28,Tshirt1,Tshirts,6,1496.335,8978.01,Oman
OM-29,Tshirt2,Tshirts,10,2013.055,20130.55,Oman
OM-30,Phone4,Smart Phone,9,1681.493,15133.437,Oman
OM-31,Jeans2,Jeans,6,2822.583,16935.498,Oman
OM-32,Bottle2,Water bottles,2,2473.797,4947.594,Oman
OM-33,Phone6,Smart Phone,3,1451.122,4353.366,Oman
OM-34,Phone4,Smart Phone,10,2986.211,29862.109999999997,Oman
OM-35,Phone5,Smart Phone,8,1995.831,15966.648,Oman
OM-38,Tshirt5,Tshirts,6,1502.794,9016.764000000001,Oman
OM-39,Bottle1,Water bottles,9,3083.096,27747.864,Oman
OM-40,Shoes4,Shoes,9,2913.009,26217.081,Oman
OM-41,Phone6,Smart Phone,2,2538.387,5076.774,Oman
OM-43,Phone5,Smart Phone,10,2628.813,26288.13,Oman
OM-44,Shoes3,Shoes,10,2656.802,26568.02,Oman
OM-45,Perfume3,Perfumes,8,2346.77,18774.16,Oman
OM-46,Bottle3,Water bottles,10,1345.625,13456.25,Oman
OM-47,Jeans5,Jeans,5,1754.6950000000002,8773.475,Oman
OM-49,Perfume6,Perfumes,8,1967.8420000000003,15742.736000000003,Oman
OM-50,Bottle2,Water bottles,9,2861.337,25752.033,Oman
OM-51,Tshirt2,Tshirts,3,2818.277,8454.831,Oman
OM-52,Phone4,Smart Phone,8,2615.8950000000004,20927.160000000003,Oman
OM-53,Perfume6,Perfumes,1,2463.032,2463.032,Oman
OM-54,Tshirt1,Tshirts,7,2161.612,15131.284,Oman
OM-55,Perfume2,Perfumes,7,2159.459,15116.213,Oman
OM-56,Phone1,Smart Phone,8,1991.525,15932.2,Oman
OM-57,Perfume6,Perfumes,2,2962.5280000000002,5925.0560000000005,Oman
OM-58,Phone5,Smart Phone,5,1905.405,9527.025,Oman
OM-59,Tshirt3,Tshirts,7,2133.623,14935.361,Oman
OM-60,Jeans6,Jeans,4,2241.273,8965.092,Oman
OM-62,Tshirt5,Tshirts,8,1935.5470000000003,15484.376000000002,Oman
OM-64,Perfume6,Perfumes,4,3022.812,12091.248,Oman
OM-65,Bottle1,Water bottles,10,1532.9360000000001,15329.36,Oman
OM-66,Bottle5,Water bottles,3,2923.7740000000003,8771.322,Oman
OM-67,Shoes3,Shoes,2,2456.5730000000003,4913.146000000001,Oman
OM-68,Shoes4,Shoes,6,1763.307,10579.842,Oman
OM-69,Shoes1,Shoes,6,3104.626,18627.756,Oman
OM-70,Shoes2,Shoes,8,3074.484,24595.872,Oman
OM-71,Phone2,Smart Phone,2,1558.7720000000002,3117.5440000000003,Oman
OM-72,Jeans5,Jeans,8,2596.518,20772.144,Oman
OM-74,Phone2,Smart Phone,1,2990.5170000000003,2990.5170000000003,Oman
OM-75,Shoes2,Shoes,7,2340.311,16382.177000000001,Oman
OM-77,Bottle4,Water bottles,9,2994.8230000000003,26953.407000000003,Oman
OM-78,Bottle3,Water bottles,2,1961.383,3922.766,Oman
OM-79,Shoes1,Shoes,5,2473.797,12368.985,Oman
OM-80,Tshirt4,Tshirts,5,2559.9170000000004,12799.585000000003,Oman
OM-81,Bottle6,Water bottles,2,2904.3970000000004,5808.794000000001,Oman
OM-83,Jeans4,Jeans,9,2465.185,22186.665,Oman
OM-85,Tshirt4,Tshirts,9,2129.3170000000005,19163.853000000003,Oman
OM-87,Jeans4,Jeans,8,2945.304,23562.432,Oman
OM-89,Shoes1,Shoes,3,2813.971,8441.913,Oman
OM-90,Tshirt1,Tshirts,10,1696.564,16965.64,Oman
OM-91,Phone3,Smart Phone,7,1886.028,13202.196,Oman
OM-92,Perfume5,Perfumes,4,2684.791,10739.164,Oman
OM-93,Shoes1,Shoes,3,2671.873,8015.619000000001,Oman
OM-95,Tshirt6,Tshirts,3,1326.248,3978.744,Oman
OM-96,Tshirt1,Tshirts,2,2579.2940000000003,5158.588000000001,Oman
OM-97,Shoes4,Shoes,8,2553.458,20427.664,Oman
OM-98,Bottle3,Water bottles,7,1731.012,12117.083999999999,Oman
OM-99,Bottle1,Water bottles,8,2409.207,19273.656,Oman
OM-100,Shoes3,Shoes,9,1724.553,15520.977,Oman
OM-101,Perfume1,Perfumes,9,2217.59,19958.31,Oman
OM-102,Bottle6,Water bottles,1,1649.198,1649.198,Oman
OM-104,Bottle3,Water bottles,7,1752.5420000000001,12267.794000000002,Oman
OM-105,Phone1,Smart Phone,1,2975.4460000000004,2975.4460000000004,Oman
OM-106,Tshirt4,Tshirts,2,2921.621,5843.242,Oman
OM-107,Perfume5,Perfumes,4,2652.496,10609.984,Oman
OM-108,Jeans1,Jeans,2,1726.706,3453.412,Oman
OM-109,Jeans4,Jeans,2,2153.0,4306.0,Oman
OM-110,Phone2,Smart Phone,10,2122.858,21228.58,Oman
OM-111,Jeans4,Jeans,6,3068.025,18408.15,Oman
OM-112,Jeans1,Jeans,1,1806.3670000000002,1806.3670000000002,Oman
OM-113,Phone4,Smart Phone,6,1696.564,10179.384,Oman
OM-114,Jeans6,Jeans,3,2346.77,7040.3099999999995,Oman
OM-115,Jeans1,Jeans,9,2185.295,19667.655,Oman
OM-116,Perfume4,Perfumes,5,1324.0950000000003,6620.475000000001,Oman
OM-117,Jeans2,Jeans,10,1700.8700000000001,17008.7,Oman
OM-119,Phone6,Smart Phone,1,2069.033,2069.033,Oman
OM-120,Bottle1,Water bottles,4,1446.816,5787.264,Oman
OM-121,Bottle6,Water bottles,4,1537.242,6148.968,Oman
OM-123,Phone5,Smart Phone,1,3070.1780000000003,3070.1780000000003,Oman
OM-124,Jeans6,Jeans,6,2435.043,14610.258000000002,Oman
OM-125,Tshirt6,Tshirts,6,2260.65,13563.900000000001,Oman
OM-126,Shoes6,Shoes,9,2342.4640000000004,21082.176000000003,Oman
OM-127,Bottle1,Water bottles,6,2633.119,15798.714,Oman
OM-128,Bottle3,Water bottles,2,1991.525,3983.05,Oman
OM-129,Tshirt3,Tshirts,9,2577.141,23194.269,Oman
OM-130,Jeans2,Jeans,4,2277.8740000000003,9111.496000000001,Oman
OM-131,Bottle5,Water bottles,4,2665.414,10661.656,Oman
OM-132,Shoes3,Shoes,9,2531.928,22787.352,Oman
OM-133,Tshirt3,Tshirts,8,2206.8250000000003,17654.600000000002,Oman
OM-134,Phone6,Smart Phone,9,2930.233,26372.097,Oman
OM-135,Shoes6,Shoes,2,1638.4330000000002,3276.8660000000004,Oman
OM-136,Tshirt1,Tshirts,3,1821.4380000000003,5464.314000000001,Oman
OM-137,Tshirt2,Tshirts,3,2198.213,6594.639000000001,Oman
OM-141,Perfume6,Perfumes,10,1920.476,19204.760000000002,Oman
OM-142,Shoes4,Shoes,9,2824.736,25422.624,Oman
OM-143,Shoes5,Shoes,5,1608.291,8041.455,Oman
OM-144,Phone3,Smart Phone,1,1567.3840000000002,1567.3840000000002,Oman
OM-145,Jeans5,Jeans,9,1814.979,16334.811,Oman
OM-146,Bottle6,Water bottles,3,1588.914,4766.742,Oman
OM-147,Shoes5,Shoes,5,1967.8420000000003,9839.210000000001,Oman
OM-148,Bottle1,Water bottles,6,1565.231,9391.386,Oman
OM-149,Jeans5,Jeans,1,2032.432,2032.432,Oman
OM-150,Jeans4,Jeans,3,1304.718,3914.1540000000005,Oman
OM-151,Perfume3,Perfumes,5,2157.306,10786.53,Oman
OM-152,Perfume6,Perfumes,10,2620.201,26202.010000000002,Oman
OM-153,Shoes6,Shoes,8,2932.386,23459.088,Oman
OM-154,Perfume1,Perfumes,7,2417.8190000000004,16924.733000000004,Oman
OM-155,Shoes1,Shoes,10,2460.879,24608.79,Oman
OM-156,Jeans3,Jeans,2,2273.568,4547.136,Oman
OM-157,Bottle1,Water bottles,7,1649.198,11544.386,Oman
OM-158,Perfume5,Perfumes,6,2019.5140000000004,12117.084000000003,Oman
OM-159,Phone3,Smart Phone,1,1812.826,1812.826,Oman
OM-160,Phone5,Smart Phone,8,2643.884,21151.072,Oman
OM-161,Phone3,Smart Phone,7,2620.201,18341.407,Oman
OM-162,Perfume5,Perfumes,4,1847.2740000000001,7389.0960000000005,Oman
OM-163,Perfume3,Perfumes,10,2669.7200000000003,26697.200000000004,Oman
OM-164,Phone6,Smart Phone,7,1614.75,11303.25,Oman
OM-165,Perfume2,Perfumes,7,1823.5910000000001,12765.137,Oman
OM-166,Shoes5,Shoes,9,2639.578,23756.202,Oman
OM-167,Tshirt2,Tshirts,8,1522.171,12177.368,Oman
OM-168,Shoes4,Shoes,4,1347.778,5391.112,Oman
OM-169,Phone1,Smart Phone,6,2351.076,14106.456,Oman
OM-170,Shoes6,Shoes,2,1974.3010000000002,3948.6020000000003,Oman
OM-171,Tshirt3,Tshirts,1,1563.078,1563.078,Oman
OM-172,Bottle2,Water bottles,1,1791.296,1791.296,Oman
OM-173,Shoes1,Shoes,9,2456.5730000000003,22109.157000000003,Oman
OM-174,Jeans6,Jeans,2,2383.371,4766.742,Oman
OM-175,Shoes3,Shoes,5,1789.1430000000003,8945.715000000002,Oman
OM-177,Perfume3,Perfumes,8,2045.3500000000001,16362.800000000001,Oman
OM-178,Jeans1,Jeans,9,1698.717,15288.453000000001,Oman
OM-179,Perfume5,Perfumes,9,2833.348,25500.131999999998,Oman
OM-180,Bottle1,Water bottles,2,1509.253,3018.506,Oman
OM-181,Tshirt4,Tshirts,6,1550.16,9300.960000000001,Oman
OM-182,Perfume5,Perfumes,6,1610.4440000000002,9662.664,Oman
OM-183,Bottle1,Water bottles,3,2546.9990000000003,7640.997000000001,Oman
OM-184,Jeans2,Jeans,7,2551.305,17859.135,Oman
OM-185,Tshirt1,Tshirts,7,1373.614,9615.298,Oman
OM-186,Bottle5,Water bottles,8,1513.5590000000002,12108.472000000002,Oman
OM-187,Tshirt3,Tshirts,2,2717.086,5434.172,Oman
OM-189,Jeans6,Jeans,10,1929.0880000000002,19290.88,Oman
OM-190,Perfume6,Perfumes,9,2331.699,20985.291,Oman
OM-191,Perfume1,Perfumes,4,3048.648,12194.592,Oman
OM-192,Perfume1,Perfumes,2,2975.4460000000004,5950.892000000001,Oman
OM-193,Bottle4,Water bottles,10,1634.127,16341.27,Oman
OM-194,Tshirt2,Tshirts,7,2066.88,14468.16,Oman
OM-195,Phone1,Smart Phone,6,1522.171,9133.026,Oman
OM-197,Shoes4,Shoes,5,2127.164,10635.820000000002,Oman
OM-198,Bottle4,Water bottles,7,1823.5910000000001,12765.137,Oman
OM-199,Jeans1,Jeans,8,3001.282,24010.256,Oman
OM-200,Tshirt6,Tshirts,2,2017.3609999999999,4034.7219999999998,Oman
